"d3mIndex","month","year","nmonth","republican","loyalist","britishforces","unknown","lagrep","lagloy","lagbrt","lagunk","ruc","udr","ba","totalforces","cathunemp","protunemp","yearmonth","unemploymentDisparity"
1,"July",1969,7,0,0,2,0,0,0,0,0,3.04399991035461,0,2.69300007820129,5737,0.0710000023245811,0.0100028673186898,1969.5,0.876512185768955
2,"August",1969,8,2,1,6,0,0,0,2,0,3.04399991035461,0,2.69300007820129,5737,0.0729999989271164,0.0100027313455939,1969.58333333333,0.879489128698184
4,"October",1969,10,0,2,2,0,1,0,0,0,3.04399991035461,0,2.69300007820129,5737,0.0759999975562096,0.0100027015432715,1969.75,0.883693167214424
5,"November",1969,11,0,0,0,0,0,2,2,0,3.04399991035461,0,2.69300007820129,5737,0.0820000022649765,0.0100028878077865,1969.83333333333,0.891276374036996
6,"December",1969,12,0,0,0,0,0,0,0,0,3.04399991035461,0,2.69300007820129,5737,0.0820000022649765,0.0100028878077865,1969.91666666667,0.891276374036996
9,"March",1970,3,0,0,0,0,0,0,0,0,3.80900001525879,2.29200005531311,7.9520001411438,14489,0.0810000002384186,0.0100200558081269,1970.16666666667,0.889913759193876
10,"April",1970,4,1,0,0,0,0,0,0,0,3.80900001525879,2.29200005531311,7.9520001411438,14489,0.0810000002384186,0.0100200092419982,1970.25,0.889914214476609
11,"April",1970,4,0,0,0,0,1,0,0,0,3.80900001525879,2.29200005531311,7.9520001411438,14489,0.0810000002384186,0.0100200558081269,1970.25,0.889913759193876
12,"May",1970,5,0,0,0,0,0,0,0,0,3.80900001525879,2.29200005531311,7.9520001411438,14489,0.0810000002384186,0.0100200558081269,1970.33333333333,0.889913759193876
13,"June",1970,6,10,1,0,1,0,0,0,0,3.80900001525879,2.29200005531311,7.9520001411438,14489,0.0820000022649765,0.0100188329815865,1970.41666666667,0.891121932213756
14,"July",1970,7,0,0,5,0,10,1,0,1,3.80900001525879,2.29200005531311,7.9520001411438,14489,0.0810000002384186,0.0100197019055486,1970.5,0.88991721935433
15,"August",1970,8,2,0,0,0,0,0,5,0,3.80900001525879,2.29200005531311,7.9520001411438,14489,0.0820000022649765,0.0100199626758695,1970.58333333333,0.891110992247055
16,"September",1970,9,1,1,0,0,2,0,0,0,3.80900001525879,2.29200005531311,7.9520001411438,14489,0.0810000002384186,0.0100194215774536,1970.66666666667,0.889919960184735
18,"November",1970,11,2,0,0,0,1,0,0,0,3.80900001525879,2.29200005531311,7.9520001411438,14489,0.0820000022649765,0.0100199626758695,1970.83333333333,0.891110992247055
20,"January",1971,1,1,0,0,0,0,0,0,1,4.08599996566772,4.11399984359741,7.66200017929077,17146,0.100000001490116,0.0101100308820605,1971,0.908182472893222
21,"February",1971,2,9,0,2,2,1,0,0,0,4.08599996566772,4.11399984359741,7.66200017929077,17146,0.126000002026558,0.0101051460951567,1971.08333333333,0.925754857662548
22,"March",1971,3,4,0,1,0,9,0,2,2,4.08599996566772,4.11399984359741,7.66200017929077,17146,0.126000002026558,0.0101088769733906,1971.16666666667,0.925729481811437
23,"April",1971,4,0,0,0,0,4,0,1,0,4.08599996566772,4.11399984359741,7.66200017929077,17146,0.126000002026558,0.0101102879270911,1971.25,0.925719885465426
24,"May",1971,5,2,1,1,0,0,0,0,0,4.08599996566772,4.11399984359741,7.66200017929077,17146,0.127000004053116,0.0101061752066016,1971.33333333333,0.926289425748947
25,"June",1971,6,0,0,0,0,2,1,1,0,4.08599996566772,4.11399984359741,7.66200017929077,17146,0.123000003397465,0.0101102879270911,1971.41666666667,0.924045783188621
26,"July",1971,7,3,0,2,0,0,0,0,0,4.08599996566772,4.11399984359741,7.66200017929077,17146,0.127000004053116,0.0101087428629398,1971.5,0.926272078986114
27,"August",1971,8,9,0,23,2,3,0,2,0,4.08599996566772,4.11399984359741,7.66200017929077,17146,0.129999995231628,0.0100975753739476,1971.58333333333,0.927924693266981
28,"September",1971,9,11,2,2,2,9,0,23,2,4.08599996566772,4.11399984359741,7.66200017929077,17146,0.128000006079674,0.0100986054167151,1971.66666666667,0.926873954000767
29,"October",1971,10,20,2,9,1,11,2,2,2,4.08599996566772,4.11399984359741,7.66200017929077,17146,0.130999997258186,0.0100951138883829,1971.75,0.928451710294227
30,"November",1971,11,19,0,2,0,20,2,9,1,4.08599996566772,4.11399984359741,7.66200017929077,17146,0.128000006079674,0.0101047642529011,1971.83333333333,0.926832619694689
31,"December",1971,12,20,16,3,0,19,0,2,0,4.08599996566772,4.11399984359741,7.66200017929077,17146,0.144999995827675,0.0100646689534187,1971.91666666667,0.93509373029873
32,"January",1972,1,10,0,16,1,20,16,3,0,4.25699996948242,8.76200008392334,14.2580003738403,29411,0.164243474602699,0.0117739550769329,1972,0.933109152324502
33,"February",1972,2,24,1,2,1,10,0,16,1,4.25699996948242,8.76200008392334,14.2580003738403,29411,0.1637894064188,0.0117517709732056,1972.08333333333,0.933054049495394
34,"March",1972,3,30,2,6,1,24,1,2,1,4.25699996948242,8.76200008392334,14.2580003738403,29411,0.171357288956642,0.0116530666127801,1972.16666666667,0.936325643559773
35,"April",1972,4,14,2,4,0,30,2,6,1,4.25699996948242,8.76200008392334,14.2580003738403,29411,0.165317878127098,0.0117451725527644,1972.25,0.933666722065011
36,"May",1972,5,23,10,3,3,14,2,4,0,4.25699996948242,8.76200008392334,14.2580003738403,29411,0.192113041877747,0.011312180198729,1972.33333333333,0.944391457051101
37,"June",1972,6,24,6,4,1,23,10,3,3,4.25699996948242,8.76200008392334,14.2580003738403,29411,0.180948734283447,0.011498692445457,1972.41666666667,0.940250214612353
38,"July",1972,7,51,25,20,0,24,6,4,1,4.25699996948242,8.76200008392334,14.2580003738403,29411,0.289087921380997,0.0107623841613531,1972.5,0.964107476422654
40,"September",1972,9,15,14,11,3,37,12,2,1,4.25699996948242,8.76200008392334,14.2580003738403,29411,0.209393307566643,0.0111534148454666,1972.66666666667,0.949428335531436
41,"October",1972,10,15,12,12,1,15,14,11,3,4.25699996948242,8.76200008392334,14.2580003738403,29411,0.204235568642616,0.0112440753728151,1972.75,0.947818387095489
42,"November",1972,11,11,8,1,0,15,12,12,1,4.25699996948242,8.76200008392334,14.2580003738403,29411,0.181621327996254,0.0114855961874127,1972.83333333333,0.940522090360216
43,"December",1972,12,13,20,5,2,11,8,1,0,4.25699996948242,8.76200008392334,14.2580003738403,29411,0.229024082422256,0.0109998630359769,1972.91666666667,0.954171809754327
44,"January",1973,1,8,8,2,0,13,20,5,2,4.39099979400635,8.27700042724609,17.1830005645752,32365,0.147817075252533,0.0117375366389751,1973,0.926435616621622
45,"February",1973,2,16,12,8,1,8,8,2,0,4.39099979400635,8.27700042724609,17.1830005645752,32365,0.164625257253647,0.0114674372598529,1973.08333333333,0.934878404288522
46,"March",1973,3,15,10,3,1,16,12,8,1,4.39099979400635,8.27700042724609,17.1830005645752,32365,0.155512824654579,0.0115891620516777,1973.16666666667,0.930646174350698
48,"May",1973,5,17,10,5,0,7,4,5,0,4.39099979400635,8.27700042724609,17.1830005645752,32365,0.157944068312645,0.0115860681980848,1973.33333333333,0.93165776636208
49,"June",1973,6,15,12,2,0,17,10,5,0,4.39099979400635,8.27700042724609,17.1830005645752,32365,0.161478951573372,0.0115174418315291,1973.41666666667,0.933423803786635
52,"September",1973,9,7,2,0,0,13,11,2,0,4.39099979400635,8.27700042724609,17.1830005645752,32365,0.131077453494072,0.0120972283184528,1973.66666666667,0.915507210036666
54,"November",1973,11,8,6,3,0,6,3,0,0,4.39099979400635,8.27700042724609,17.1830005645752,32365,0.142959922552109,0.0118376314640045,1973.83333333333,0.923528304182556
55,"December",1973,12,10,3,2,0,8,6,3,0,4.39099979400635,8.27700042724609,17.1830005645752,32365,0.13531705737114,0.0120071731507778,1973.91666666667,0.918498314172484
56,"January",1974,1,10,8,1,0,10,3,2,0,4.56400012969971,7.82399988174438,15.8479995727539,32096,0.184801444411278,0.0145996855571866,1974,0.926782332880984
57,"February",1974,2,14,10,2,0,10,8,1,0,4.56400012969971,7.82399988174438,15.8479995727539,32096,0.194045037031174,0.0142782460898161,1974.08333333333,0.931461112383086
58,"March",1974,3,21,6,2,0,14,10,2,0,4.56400012969971,7.82399988174438,15.8479995727539,32096,0.182825073599815,0.0147415744140744,1974.16666666667,0.925384296579056
59,"April",1974,4,9,4,2,1,21,6,2,0,4.56400012969971,7.82399988174438,15.8479995727539,32096,0.171157717704773,0.0151246665045619,1974.25,0.91880785416851
60,"May",1974,5,6,50,2,0,9,4,2,1,4.56400012969971,7.82399988174438,15.8479995727539,32096,0.399977803230286,0.0113242380321026,1974.33333333333,0.972467342983892
61,"June",1974,6,7,4,2,1,6,50,2,0,4.56400012969971,7.82399988174438,15.8479995727539,32096,0.170454040169716,0.0151486014947295,1974.41666666667,0.918381541561693
62,"July",1974,7,8,3,0,1,7,4,2,1,4.56400012969971,7.82399988174438,15.8479995727539,32096,0.166479647159576,0.0153297027572989,1974.5,0.915682539075643
64,"September",1974,9,6,6,0,0,7,3,4,0,4.56400012969971,7.82399988174438,15.8479995727539,32096,0.175998166203499,0.0149452742189169,1974.66666666667,0.92172931321519
65,"October",1974,10,13,9,2,0,6,6,0,0,4.56400012969971,7.82399988174438,15.8479995727539,32096,0.190097168087959,0.0144178653135896,1974.75,0.929502173635905
66,"November",1974,11,40,16,2,1,13,9,2,0,4.56400012969971,7.82399988174438,15.8479995727539,32096,0.227780491113663,0.0133348880335689,1974.83333333333,0.94469499174739
67,"December",1974,12,6,5,0,0,40,16,2,1,4.56400012969971,7.82399988174438,15.8479995727539,32096,0.172773003578186,0.0150947785004973,1974.91666666667,0.919652117390861
68,"January",1975,1,6,1,2,0,6,5,0,0,4.90199995040894,7.65399980545044,14.5500001907349,31925,0.210077166557312,0.024480976164341,1975,0.895629391159563
69,"February",1975,2,7,12,0,0,6,1,2,0,4.90199995040894,7.65399980545044,14.5500001907349,31925,0.256164997816086,0.0204856023192406,1975.08333333333,0.92595135412965
70,"March",1975,3,3,9,1,0,7,12,0,0,4.90199995040894,7.65399980545044,14.5500001907349,31925,0.241211965680122,0.0215318705886602,1975.16666666667,0.918049949736467
72,"May",1975,5,4,7,0,0,11,21,1,1,4.90199995040894,7.65399980545044,14.5500001907349,31925,0.232099771499634,0.0222547091543674,1975.33333333333,0.912505142047643
73,"June",1975,6,11,10,1,1,4,7,0,0,4.90199995040894,7.65399980545044,14.5500001907349,31925,0.248741671442986,0.0208793301135302,1975.41666666667,0.922560445985312
74,"July",1975,7,7,7,1,0,11,10,1,1,4.90199995040894,7.65399980545044,14.5500001907349,31925,0.282099992036819,0.00920000020414591,1975.5,0.968417437524215
76,"September",1975,9,11,12,1,0,16,11,1,3,4.90199995040894,7.65399980545044,14.5500001907349,31925,0.297800004482269,0.0108000002801418,1975.66666666667,0.965003240072998
78,"November",1975,11,22,6,0,0,16,17,0,1,4.90199995040894,7.65399980545044,14.5500001907349,31925,0.265799999237061,0.00889999978244305,1975.83333333333,0.967601019970112
80,"January",1976,1,23,17,2,2,11,8,0,0,5.25299978256226,7.73799991607666,14.4409999847412,32129,0.311300009489059,0.0127999996766448,1976,0.960506018776135
84,"May",1976,5,11,12,1,0,15,4,3,1,5.25299978256226,7.73799991607666,14.4409999847412,32129,0.276899993419647,0.0082999998703599,1976.33333333333,0.970897615478132
85,"June",1976,6,19,15,2,0,11,12,1,0,5.25299978256226,7.73799991607666,14.4409999847412,32129,0.289600014686584,0.00730000017210841,1976.41666666667,0.97541259748477
87,"August",1976,8,6,8,2,3,17,14,1,0,5.25299978256226,7.73799991607666,14.4409999847412,32129,0.332399994134903,0.00920000020414591,1976.58333333333,0.973067914646935
88,"September",1976,9,6,6,0,0,6,8,2,3,5.25299978256226,7.73799991607666,14.4409999847412,32129,0.31020000576973,0.0105999996885657,1976.66666666667,0.966957607518047
89,"October",1976,10,14,12,1,0,6,6,0,0,5.25299978256226,7.73799991607666,14.4409999847412,32129,0.282299995422363,0.0131000000983477,1976.75,0.955653350382569
90,"November",1976,11,13,7,0,1,14,12,1,0,5.25299978256226,7.73799991607666,14.4409999847412,32129,0.253354102373123,0.0247479118406773,1976.83333333333,0.911011389433334
91,"December",1976,12,6,2,3,0,13,7,0,1,5.25299978256226,7.73799991607666,14.4409999847412,32129,0.231103494763374,0.0273828059434891,1976.91666666667,0.89406476912468
92,"January",1977,1,8,4,1,0,6,2,3,0,5.69199991226196,7.64400005340576,14.2449998855591,32267,0.297699987888336,0.0110999997705221,1977,0.964054403451646
93,"February",1977,2,7,5,0,0,8,4,1,0,5.69199991226196,7.64400005340576,14.2449998855591,32267,0.288100004196167,0.0120999999344349,1977.08333333333,0.959693538414574
94,"March",1977,3,9,4,0,1,7,5,0,0,5.69199991226196,7.64400005340576,14.2449998855591,32267,0.259600013494492,0.0254999995231628,1977.16666666667,0.910557704809421
95,"April",1977,4,10,5,2,0,9,4,0,1,5.69199991226196,7.64400005340576,14.2449998855591,32267,0.284500002861023,0.0140000004321337,1977.25,0.953098826540433
96,"May",1977,5,7,6,1,0,10,5,2,0,5.69199991226196,7.64400005340576,14.2449998855591,32267,0.273900002241135,0.0181000009179115,1977.33333333333,0.938013696157213
97,"June",1977,6,8,0,0,0,7,6,1,0,5.69199991226196,7.64400005340576,14.2449998855591,32267,0.268200010061264,0.032200001180172,1977.41666666667,0.892809587299608
98,"July",1977,7,7,1,0,0,8,0,0,0,5.69199991226196,7.64400005340576,14.2449998855591,32267,0.345800012350082,0.0149999996647239,1977.5,0.958425722934543
99,"August",1977,8,5,0,2,0,7,1,0,0,5.69199991226196,7.64400005340576,14.2449998855591,32267,0.311699986457825,0.0359999984502792,1977.58333333333,0.896462467607544
100,"September",1977,9,4,1,0,0,5,0,2,0,5.69199991226196,7.64400005340576,14.2449998855591,32267,0.302300006151199,0.0361000001430511,1977.66666666667,0.893321514563859
102,"November",1977,11,3,0,0,0,6,0,1,0,5.69199991226196,7.64400005340576,14.2449998855591,32267,0.276100009679794,0.0329000018537045,1977.83333333333,0.893527506065683
103,"December",1977,12,1,1,1,0,3,0,0,0,5.69199991226196,7.64400005340576,14.2449998855591,32267,0.283600002527237,0.0295000001788139,1977.91666666667,0.905780900913918
105,"February",1978,2,18,2,1,0,1,0,0,0,6.1100001335144,7.86199998855591,14.1470003128052,32724,0.270099997520447,0.0368000008165836,1978.08333333333,0.880091231619458
106,"March",1978,3,5,2,0,0,18,2,1,0,6.1100001335144,7.86199998855591,14.1470003128052,32724,0.26800000667572,0.0355000011622906,1978.16666666667,0.883031300673843
107,"April",1978,4,4,1,0,0,5,2,0,0,6.1100001335144,7.86199998855591,14.1470003128052,32724,0.270900011062622,0.0399000011384487,1978.25,0.871621622998407
109,"June",1978,6,6,1,5,0,2,1,1,0,6.1100001335144,7.86199998855591,14.1470003128052,32724,0.268200010061264,0.0410999990999699,1978.41666666667,0.867119308494605
110,"July",1978,7,4,0,1,0,6,1,5,0,6.1100001335144,7.86199998855591,14.1470003128052,32724,0.310600012540817,0.0428000018000603,1978.5,0.878890775146441
112,"September",1978,9,5,1,1,0,5,1,0,0,6.1100001335144,7.86199998855591,14.1470003128052,32724,0.286500006914139,0.0496999993920326,1978.66666666667,0.852171331172517
113,"October",1978,10,2,1,0,0,5,1,1,0,6.1100001335144,7.86199998855591,14.1470003128052,32724,0.255899995565414,0.0485000014305115,1978.75,0.840670164556012
114,"November",1978,11,4,0,1,0,2,1,0,0,6.1100001335144,7.86199998855591,14.1470003128052,32724,0.249899998307228,0.0428000018000603,1978.83333333333,0.853775190350625
115,"December",1978,12,5,0,0,0,4,0,1,0,6.1100001335144,7.86199998855591,14.1470003128052,32724,0.254000008106232,0.0410000011324883,1978.91666666667,0.861016949666228
117,"February",1979,2,6,0,0,0,2,0,0,0,6.64200019836426,7.6230001449585,13.1239995956421,31903,0.23649999499321,0.0610000006854534,1979.08333333333,0.794957977910894
118,"March",1979,3,6,0,0,0,6,0,0,0,6.64200019836426,7.6230001449585,13.1239995956421,31903,0.26230001449585,0.0405000001192093,1979.16666666667,0.866248354807064
119,"April",1979,4,14,2,0,0,6,0,0,0,6.64200019836426,7.6230001449585,13.1239995956421,31903,0.253100007772446,0.0397999994456768,1979.25,0.864117451468556
120,"May",1979,5,6,1,0,0,14,2,0,0,6.64200019836426,7.6230001449585,13.1239995956421,31903,0.224000006914139,0.046399999409914,1979.33333333333,0.828402373059462
121,"June",1979,6,8,2,1,0,6,1,0,0,6.64200019836426,7.6230001449585,13.1239995956421,31903,0.226099997758865,0.0500999987125397,1979.41666666667,0.818609705457666
122,"July",1979,7,6,1,0,0,8,2,1,0,6.64200019836426,7.6230001449585,13.1239995956421,31903,0.259799987077713,0.0570000000298023,1979.5,0.820075750159492
123,"August",1979,8,28,1,1,0,6,1,0,0,6.64200019836426,7.6230001449585,13.1239995956421,31903,0.25560000538826,0.0579999983310699,1979.58333333333,0.815051027923521
124,"September",1979,9,3,3,0,0,28,1,1,0,6.64200019836426,7.6230001449585,13.1239995956421,31903,0.243900001049042,0.0586000010371208,1979.66666666667,0.806280989643003
125,"October",1979,10,9,3,0,0,3,3,0,0,6.64200019836426,7.6230001449585,13.1239995956421,31903,0.229900002479553,0.0540999993681908,1979.75,0.809507045717575
126,"November",1979,11,5,2,0,0,9,3,0,0,6.64200019836426,7.6230001449585,13.1239995956421,31903,0.23309999704361,0.0463000014424324,1979.83333333333,0.834287753424074
127,"December",1979,12,9,2,0,0,5,2,0,0,6.64200019836426,7.6230001449585,13.1239995956421,31903,0.199499994516373,0.0688000023365021,1979.91666666667,0.743570618175485
128,"January",1980,1,12,1,3,1,9,2,0,0,6.94299983978271,7.73299980163574,12.9759998321533,32404,0.221399992704391,0.0632999986410141,1980,0.777660693483419
130,"March",1980,3,3,0,1,0,4,3,0,2,6.94299983978271,7.73299980163574,12.9759998321533,32404,0.223900005221367,0.0623999983072281,1980.16666666667,0.782046812650508
132,"May",1980,5,3,0,0,0,6,3,1,0,6.94299983978271,7.73299980163574,12.9759998321533,32404,0.234500005841255,0.0610000006854534,1980.33333333333,0.793570222205934
133,"June",1980,6,2,3,0,0,3,0,0,0,6.94299983978271,7.73299980163574,12.9759998321533,32404,0.258500009775162,0.0608999989926815,1980.41666666667,0.809330002126121
135,"August",1980,8,5,1,2,2,2,0,2,0,6.94299983978271,7.73299980163574,12.9759998321533,32404,0.298000007867813,0.0812999978661537,1980.58333333333,0.785657799533028
136,"September",1980,9,4,0,0,0,5,1,2,2,6.94299983978271,7.73299980163574,12.9759998321533,32404,0.300300002098083,0.0842000022530556,1980.66666666667,0.781014300909705
137,"October",1980,10,2,2,0,0,4,0,0,0,6.94299983978271,7.73299980163574,12.9759998321533,32404,0.306400001049042,0.0820999965071678,1980.75,0.788674396335641
138,"November",1980,11,5,0,0,0,2,2,0,0,6.94299983978271,7.73299980163574,12.9759998321533,32404,0.312799990177155,0.0846000015735626,1980.83333333333,0.787116247283088
139,"December",1980,12,3,1,0,1,5,0,0,0,6.94299983978271,7.73299980163574,12.9759998321533,32404,0.323599994182587,0.0842999964952469,1980.91666666667,0.7933317028148
140,"January",1981,1,7,0,0,0,3,1,0,1,7.33400011062622,7.47900009155273,11.2709999084473,30954,0.343100011348724,0.088699996471405,1981,0.794580836347845
142,"March",1981,3,2,1,1,0,4,1,0,0,7.33400011062622,7.47900009155273,11.2709999084473,30954,0.374146938323975,0.104235410690308,1981.16666666667,0.782108577155727
143,"April",1981,4,6,0,3,0,2,1,1,0,7.33400011062622,7.47900009155273,11.2709999084473,30954,0.37298971414566,0.105501689016819,1981.25,0.779511840088391
144,"May",1981,5,12,1,6,7,6,0,3,0,7.33400011062622,7.47900009155273,11.2709999084473,30954,0.349500000476837,0.091899998486042,1981.33333333333,0.791798824870929
145,"June",1981,6,5,0,0,0,12,1,6,7,7.33400011062622,7.47900009155273,11.2709999084473,30954,0.35359999537468,0.0954999998211861,1981.41666666667,0.787352480866682
146,"July",1981,7,3,0,4,2,5,0,0,0,7.33400011062622,7.47900009155273,11.2709999084473,30954,0.358999997377396,0.10419999808073,1981.5,0.775043179830622
147,"August",1981,8,4,1,2,4,3,0,4,2,7.33400011062622,7.47900009155273,11.2709999084473,30954,0.360700011253357,0.105200000107288,1981.58333333333,0.774200477480017
148,"September",1981,9,9,1,0,0,4,1,2,4,7.33400011062622,7.47900009155273,11.2709999084473,30954,0.380199998617172,0.107600003480911,1981.66666666667,0.779417787990752
149,"October",1981,10,7,3,1,0,9,1,0,0,7.33400011062622,7.47900009155273,11.2709999084473,30954,0.365200012922287,0.111599996685982,1981.75,0.765939608982662
150,"November",1981,11,10,4,1,0,7,3,1,0,7.33400011062622,7.47900009155273,11.2709999084473,30954,0.358799993991852,0.10809999704361,1981.83333333333,0.768472908290548
151,"December",1981,12,1,0,0,0,10,4,1,0,7.33400011062622,7.47900009155273,11.2709999084473,30954,0.359800010919571,0.105700001120567,1981.91666666667,0.77293233429293
152,"January",1982,1,4,2,1,0,1,0,0,0,7.71799993515015,7.13000011444092,11.039999961853,30728,0.378500014543533,0.107799999415874,1982,0.778326143694348
153,"February",1982,2,1,0,1,0,4,2,1,0,7.71799993515015,7.13000011444092,11.039999961853,30728,0.363599985837936,0.11370000243187,1982.08333333333,0.761785029905348
154,"March",1982,3,7,1,0,0,1,0,1,0,7.71799993515015,7.13000011444092,11.039999961853,30728,0.36719998717308,0.10700000077486,1982.16666666667,0.774356804103067
155,"April",1982,4,9,0,1,0,7,1,0,0,7.71799993515015,7.13000011444092,11.039999961853,30728,0.267899990081787,0.169900000095367,1982.25,0.611923243701724
156,"May",1982,5,3,2,0,1,9,0,1,0,7.71799993515015,7.13000011444092,11.039999961853,30728,0.357800006866455,0.117600001394749,1982.33333333333,0.752629366110287
157,"June",1982,6,5,0,0,0,3,2,0,1,7.71799993515015,7.13000011444092,11.039999961853,30728,0.364499986171722,0.121799997985363,1982.41666666667,0.749537318623438
160,"September",1982,9,6,2,1,0,1,1,1,0,7.71799993515015,7.13000011444092,11.039999961853,30728,0.393400013446808,0.138199999928474,1982.66666666667,0.740030104493409
161,"October",1982,10,9,3,0,0,6,2,1,0,7.71799993515015,7.13000011444092,11.039999961853,30728,0.371499985456467,0.139899998903275,1982.75,0.726437224908355
162,"November",1982,11,7,2,4,0,9,3,0,0,7.71799993515015,7.13000011444092,11.039999961853,30728,0.36489999294281,0.112000003457069,1982.83333333333,0.765149917587423
163,"December",1982,12,19,0,3,0,7,2,4,0,7.71799993515015,7.13000011444092,11.039999961853,30728,0.364600002765656,0.112199999392033,1982.91666666667,0.764681210393691
164,"January",1983,1,4,1,1,0,19,0,3,0,8.00300025939941,7.13500022888184,9.51599979400635,29147,0.376800000667572,0.116400003433228,1983,0.763990262641121
166,"March",1983,3,3,0,1,1,4,0,1,0,8.00300025939941,7.13500022888184,9.51599979400635,29147,0.376700013875961,0.108400002121925,1983.16666666667,0.776540922393213
167,"April",1983,4,4,2,0,0,3,0,1,1,8.00300025939941,7.13500022888184,9.51599979400635,29147,0.378800004720688,0.115299999713898,1983.25,0.766646430522017
168,"May",1983,5,4,1,0,0,4,2,0,0,8.00300025939941,7.13500022888184,9.51599979400635,29147,0.377499997615814,0.113200001418591,1983.33333333333,0.769309146848697
171,"August",1983,8,2,0,3,0,6,0,2,1,8.00300025939941,7.13500022888184,9.51599979400635,29147,0.388399988412857,0.111299999058247,1983.58333333333,0.777266356115963
172,"September",1983,9,3,0,0,0,2,0,3,0,8.00300025939941,7.13500022888184,9.51599979400635,29147,0.403600007295609,0.121799997985363,1983.66666666667,0.768176633496174
173,"October",1983,10,7,1,0,0,3,0,0,0,8.00300025939941,7.13500022888184,9.51599979400635,29147,0.396699994802475,0.115299999713898,1983.75,0.774804685646905
174,"November",1983,11,11,3,1,0,7,1,0,0,8.00300025939941,7.13500022888184,9.51599979400635,29147,0.399599999189377,0.11370000243187,1983.83333333333,0.778492105839177
175,"December",1983,12,10,2,3,0,11,3,1,0,8.00300025939941,7.13500022888184,9.51599979400635,29147,0.397399991750717,0.111400000751019,1983.91666666667,0.781053454416789
176,"January",1984,1,5,1,1,0,10,2,3,0,8.1269998550415,6.77699995040894,9.10999965667725,28533,0.373734682798386,0.10695893317461,1984,0.777490422962849
177,"February",1984,2,2,0,2,0,5,1,1,0,8.1269998550415,6.77699995040894,9.10999965667725,28533,0.419900000095367,0.110600002110004,1984.08333333333,0.79151743327008
178,"March",1984,3,6,0,0,0,2,0,2,0,8.1269998550415,6.77699995040894,9.10999965667725,28533,0.410699993371964,0.11089999973774,1984.16666666667,0.787384967019325
179,"April",1984,4,5,2,0,0,6,0,0,0,8.1269998550415,6.77699995040894,9.10999965667725,28533,0.407700002193451,0.109999999403954,1984.25,0.787521732539038
181,"June",1984,6,4,0,1,0,10,0,1,0,8.1269998550415,6.77699995040894,9.10999965667725,28533,0.40599998831749,0.106799997389317,1984.41666666667,0.791731668552777
182,"July",1984,7,3,1,1,0,4,0,1,0,8.1269998550415,6.77699995040894,9.10999965667725,28533,0.412999987602234,0.110600002110004,1984.5,0.78877004529586
184,"September",1984,9,2,0,0,0,3,0,1,1,8.1269998550415,6.77699995040894,9.10999965667725,28533,0.401399999856949,0.0784000009298325,1984.66666666667,0.836598581072798
185,"October",1984,10,7,1,1,0,2,0,0,0,8.1269998550415,6.77699995040894,9.10999965667725,28533,0.387499988079071,0.0728999972343445,1984.75,0.841659427541645
186,"November",1984,11,0,2,0,0,7,1,1,0,8.1269998550415,6.77699995040894,9.10999965667725,28533,0.385699987411499,0.0715000033378601,1984.83333333333,0.84361328787284
187,"December",1984,12,1,0,4,1,0,2,0,0,8.1269998550415,6.77699995040894,9.10999965667725,28533,0.366248607635498,0.108779199421406,1984.91666666667,0.771004564774089
188,"January",1985,1,0,0,1,0,1,0,4,1,8.25899982452393,6.47800016403198,9.01399993896484,28259,0.396299988031387,0.0703999996185303,1985,0.849153628709031
189,"February",1985,2,15,1,4,0,0,0,1,0,8.25899982452393,6.47800016403198,9.01399993896484,28259,0.397100001573563,0.0689999982714653,1985.08333333333,0.851963101706915
191,"April",1985,4,2,1,0,0,4,0,0,0,8.25899982452393,6.47800016403198,9.01399993896484,28259,0.38620001077652,0.0728999972343445,1985.25,0.841211073922222
192,"May",1985,5,7,0,0,0,2,1,0,0,8.25899982452393,6.47800016403198,9.01399993896484,28259,0.38060000538826,0.0737999975681305,1985.33333333333,0.837588034577515
193,"June",1985,6,3,1,0,0,7,0,0,0,8.25899982452393,6.47800016403198,9.01399993896484,28259,0.379599988460541,0.0754999965429306,1985.41666666667,0.834102397207605
194,"July",1985,7,0,0,0,0,3,1,0,0,8.25899982452393,6.47800016403198,9.01399993896484,28259,0.363299995660782,0.0825999975204468,1985.5,0.814756674627543
196,"September",1985,9,4,0,0,0,5,0,0,0,8.25899982452393,6.47800016403198,9.01399993896484,28259,0.381399989128113,0.0913999974727631,1985.66666666667,0.80668358700712
197,"October",1985,10,1,0,0,0,4,0,0,0,8.25899982452393,6.47800016403198,9.01399993896484,28259,0.365500003099442,0.0899000018835068,1985.75,0.802591126702177
199,"December",1985,12,2,0,0,0,5,1,0,0,8.25899982452393,6.47800016403198,9.01399993896484,28259,0.365799993276596,0.0892999991774559,1985.91666666667,0.803779387699129
200,"January",1986,1,3,2,0,0,2,0,0,0,8.23400020599365,6.53499984741211,9.92000007629395,29103,0.33703687787056,0.0945664420723915,1986,0.78089500774718
202,"March",1986,3,2,1,0,0,3,0,2,0,8.23400020599365,6.53499984741211,9.92000007629395,29103,0.374799996614456,0.092399999499321,1986.16666666667,0.802226026823813
205,"June",1986,6,1,0,0,0,9,1,0,0,8.23400020599365,6.53499984741211,9.92000007629395,29103,0.374900013208389,0.0943000018596649,1986.41666666667,0.799019610334012
206,"July",1986,7,8,3,0,0,1,0,0,0,8.23400020599365,6.53499984741211,9.92000007629395,29103,0.379200011491776,0.101899996399879,1986.5,0.788193733676206
207,"August",1986,8,3,2,0,0,8,3,0,0,8.23400020599365,6.53499984741211,9.92000007629395,29103,0.377900004386902,0.103900000452995,1986.58333333333,0.784350354069587
208,"September",1986,9,3,2,1,0,3,2,0,0,8.23400020599365,6.53499984741211,9.92000007629395,29103,0.38620001077652,0.11370000243187,1986.66666666667,0.772554512047048
209,"October",1986,10,3,3,0,0,3,2,1,0,8.23400020599365,6.53499984741211,9.92000007629395,29103,0.375200003385544,0.108199998736382,1986.75,0.776168807899403
210,"November",1986,11,1,0,0,1,3,3,0,0,8.23400020599365,6.53499984741211,9.92000007629395,29103,0.371499985456467,0.104999996721745,1986.83333333333,0.779643230537468
211,"December",1986,12,2,1,0,0,1,0,0,1,8.23400020599365,6.53499984741211,9.92000007629395,29103,0.380199998617172,0.0987000018358231,1986.91666666667,0.793902690034533
213,"February",1987,2,3,1,0,0,4,0,0,1,8.23600006103516,6.5310001373291,11.3999996185303,30817,0.381399989128113,0.0995000004768372,1987.08333333333,0.793096272348489
215,"April",1987,4,12,2,0,0,12,0,0,0,8.23600006103516,6.5310001373291,11.3999996185303,30817,0.362899988889694,0.0819000005722046,1987.25,0.81587229650953
216,"May",1987,5,3,2,9,0,12,2,0,0,8.23600006103516,6.5310001373291,11.3999996185303,30817,0.358900010585785,0.0820000022649765,1987.33333333333,0.814016784134837
218,"July",1987,7,5,1,0,0,7,2,0,0,8.23600006103516,6.5310001373291,11.3999996185303,30817,0.361200004816055,0.0851999968290329,1987.5,0.809139792753022
221,"October",1987,10,3,2,0,0,4,2,0,0,8.23600006103516,6.5310001373291,11.3999996185303,30817,0.354400008916855,0.0820999965071678,1987.75,0.811912954210815
222,"November",1987,11,12,2,1,0,3,2,0,0,8.23600006103516,6.5310001373291,11.3999996185303,30817,0.344099998474121,0.0791999995708466,1987.83333333333,0.81289865358697
223,"December",1987,12,3,0,0,1,12,2,1,0,8.23600006103516,6.5310001373291,11.3999996185303,30817,0.343800008296967,0.0781000033020973,1987.91666666667,0.814885041111787
224,"January",1988,1,3,3,0,0,3,0,0,1,8.23099994659424,6.39300012588501,11.1999998092651,30473,0.349700003862381,0.0799999982118607,1988,0.813823602919046
225,"February",1988,2,5,0,1,0,3,3,0,0,8.23099994659424,6.39300012588501,11.1999998092651,30473,0.334899991750717,0.0860999971628189,1988.08333333333,0.795486937220557
227,"April",1988,4,3,0,0,0,4,5,4,0,8.23099994659424,6.39300012588501,11.1999998092651,30473,0.336699992418289,0.0798000022768974,1988.25,0.808403353437498
228,"May",1988,5,4,4,1,0,3,0,0,0,8.23099994659424,6.39300012588501,11.1999998092651,30473,0.312099993228912,0.0952999964356422,1988.33333333333,0.76607756786123
230,"July",1988,7,8,2,1,0,8,1,0,0,8.23099994659424,6.39300012588501,11.1999998092651,30473,0.336699992418289,0.0767000019550323,1988.5,0.814465401550615
231,"August",1988,8,21,4,4,0,8,2,1,0,8.23099994659424,6.39300012588501,11.1999998092651,30473,0.335599988698959,0.0750999972224236,1988.58333333333,0.817141466284834
232,"September",1988,9,3,1,0,0,21,4,4,0,8.23099994659424,6.39300012588501,11.1999998092651,30473,0.334500014781952,0.0706000030040741,1988.66666666667,0.825722044175853
234,"November",1988,11,3,1,0,0,6,2,0,0,8.23099994659424,6.39300012588501,11.1999998092651,30473,0.316599994897842,0.0650999993085861,1988.83333333333,0.829447209073367
236,"January",1989,1,3,2,0,0,2,0,0,0,8.25899982452393,6.23000001907349,11.1999998092651,30312,0.32030001282692,0.0688000023365021,1989,0.823181702247927
237,"February",1989,2,5,4,0,0,3,2,0,0,8.25899982452393,6.23000001907349,11.1999998092651,30312,0.322899997234344,0.0636999979615211,1989.08333333333,0.83523021533084
238,"March",1989,3,9,3,0,0,5,4,0,0,8.25899982452393,6.23000001907349,11.1999998092651,30312,0.314200013875961,0.0658000037074089,1989.16666666667,0.826842103519186
239,"April",1989,4,2,2,0,0,9,3,0,0,8.25899982452393,6.23000001907349,11.1999998092651,30312,0.310799986124039,0.0670000016689301,1989.25,0.822657480588259
240,"May",1989,5,2,1,0,0,2,2,0,0,8.25899982452393,6.23000001907349,11.1999998092651,30312,0.30460000038147,0.0644999966025352,1989.33333333333,0.825250617367709
241,"June",1989,6,1,1,0,0,2,1,0,0,8.25899982452393,6.23000001907349,11.1999998092651,30312,0.307300001382828,0.0590000003576279,1989.41666666667,0.83892983871883
244,"September",1989,9,13,1,1,0,0,1,1,0,8.25899982452393,6.23000001907349,11.1999998092651,30312,0.286399990320206,0.0754999965429306,1989.66666666667,0.791378835911693
245,"October",1989,10,7,0,0,0,13,1,1,0,8.25899982452393,6.23000001907349,11.1999998092651,30312,0.273900002241135,0.0729999989271164,1989.75,0.789564719857956
246,"November",1989,11,6,2,1,0,7,0,0,0,8.25899982452393,6.23000001907349,11.1999998092651,30312,0.266600012779236,0.0715999975800514,1989.83333333333,0.788290965739513
247,"December",1989,12,2,0,0,0,6,2,1,0,8.25899982452393,6.23000001907349,11.1999998092651,30312,0.27020001411438,0.0678000003099442,1989.91666666667,0.799408291667029
248,"January",1990,1,4,1,3,0,2,0,0,0,8.23099994659424,6.04300022125244,11.5,30318,0.272868424654007,0.0848511382937431,1990,0.762799837966545
249,"February",1990,2,0,0,0,0,4,1,3,0,8.23099994659424,6.04300022125244,11.5,30318,0.266200006008148,0.0712999999523163,1990.08333333333,0.788740744612998
250,"March",1990,3,3,2,0,0,0,0,0,0,8.23099994659424,6.04300022125244,11.5,30318,0.274427890777588,0.0836057141423225,1990.16666666667,0.766486405204828
252,"May",1990,5,4,0,0,0,6,2,1,0,8.23099994659424,6.04300022125244,11.5,30318,0.265300005674362,0.0676999986171722,1990.33333333333,0.796696703469402
253,"June",1990,6,6,1,0,0,4,0,0,0,8.23099994659424,6.04300022125244,11.5,30318,0.263200014829636,0.066200003027916,1990.41666666667,0.799028538436376
254,"July",1990,7,7,2,0,0,6,1,0,0,8.23099994659424,6.04300022125244,11.5,30318,0.276698440313339,0.0829229578375816,1990.5,0.769415951709354
255,"August",1990,8,1,0,0,0,7,2,0,0,8.23099994659424,6.04300022125244,11.5,30318,0.272199988365173,0.0675999969244003,1990.58333333333,0.801059447172158
256,"September",1990,9,2,3,2,0,1,0,0,0,8.23099994659424,6.04300022125244,11.5,30318,0.270300000905991,0.0702999979257584,1990.66666666667,0.793599535622766
257,"October",1990,10,11,5,2,0,2,3,2,0,8.23099994659424,6.04300022125244,11.5,30318,0.267100006341934,0.0619000010192394,1990.75,0.811854104455122
259,"December",1990,12,3,0,1,0,5,3,1,0,8.23099994659424,6.04300022125244,11.5,30318,0.268999993801117,0.063000001013279,1990.91666666667,0.810240957839475
260,"January",1991,1,1,2,0,0,3,0,1,0,8.21700000762939,6.27600002288818,12,31053,0.276199996471405,0.0650999993085861,1991,0.809258716338951
261,"February",1991,2,1,1,0,0,1,2,0,0,8.21700000762939,6.27600002288818,12,31053,0.274300009012222,0.0653000026941299,1991.08333333333,0.807714957470043
262,"March",1991,3,3,9,0,0,1,1,0,0,8.21700000762939,6.27600002288818,12,31053,0.267100006341934,0.0689999982714653,1991.16666666667,0.794703965116475
263,"April",1991,4,4,2,1,0,3,9,0,0,8.21700000762939,6.27600002288818,12,31053,0.270700007677078,0.0683000013232231,1991.25,0.798525075192071
264,"May",1991,5,9,1,0,0,4,2,1,0,8.21700000762939,6.27600002288818,12,31053,0.27140000462532,0.0649999976158142,1991.33333333333,0.806777654034551
265,"June",1991,6,5,0,3,0,9,1,0,0,8.21700000762939,6.27600002288818,12,31053,0.272700011730194,0.0641999989748001,1991.41666666667,0.809439011769528
266,"July",1991,7,2,1,0,0,5,0,3,0,8.21700000762939,6.27600002288818,12,31053,0.284000009298325,0.0705000013113022,1991.5,0.801128352041331
268,"September",1991,9,3,4,1,0,5,6,0,0,8.21700000762939,6.27600002288818,12,31053,0.290499985218048,0.067500002682209,1991.66666666667,0.811452500101717
269,"October",1991,10,1,6,0,0,3,4,1,0,8.21700000762939,6.27600002288818,12,31053,0.282400012016296,0.064800001680851,1991.75,0.813364057821224
270,"November",1991,11,12,6,1,0,1,6,0,0,8.21700000762939,6.27600002288818,12,31053,0.256399989128113,0.0866999998688698,1991.83333333333,0.747303985283333
271,"December",1991,12,4,2,0,0,12,6,1,0,8.21700000762939,6.27600002288818,12,31053,0.284500002861023,0.0627999976277351,1991.91666666667,0.819176511548067
272,"January",1992,1,9,6,0,0,4,2,0,0,8.47799968719482,5.41699981689453,12.6000003814697,31088,0.293000012636185,0.0656000003218651,1992,0.817066374926375
273,"February",1992,2,2,7,8,0,9,6,0,0,8.47799968719482,5.41699981689453,12.6000003814697,31088,0.287999987602234,0.0672999992966652,1992.08333333333,0.810582601243339
274,"March",1992,3,1,3,0,0,2,7,8,0,8.47799968719482,5.41699981689453,12.6000003814697,31088,0.282799988985062,0.0731000006198883,1992.16666666667,0.794605218446256
276,"May",1992,5,2,0,0,0,5,5,0,0,8.47799968719482,5.41699981689453,12.6000003814697,31088,0.286100000143051,0.0689999982714653,1992.33333333333,0.805688542440037
278,"July",1992,7,3,2,0,0,1,0,0,1,8.47799968719482,5.41699981689453,12.6000003814697,31088,0.298299998044968,0.0780000016093254,1992.5,0.792718571137433
279,"August",1992,8,6,0,0,0,3,2,0,0,8.47799968719482,5.41699981689453,12.6000003814697,31088,0.302899986505508,0.0788000002503395,1992.58333333333,0.793555140202969
280,"September",1992,9,2,5,1,0,6,0,0,0,8.47799968719482,5.41699981689453,12.6000003814697,31088,0.250400006771088,0.121699996292591,1992.66666666667,0.672937395080418
281,"October",1992,10,4,2,0,0,2,5,1,0,8.47799968719482,5.41699981689453,12.6000003814697,31088,0.282700002193451,0.0804999992251396,1992.75,0.778359033836118
282,"November",1992,11,3,6,1,0,4,2,0,0,8.47799968719482,5.41699981689453,12.6000003814697,31088,0.279799997806549,0.0776999965310097,1992.83333333333,0.782657348918323
283,"December",1992,12,2,2,0,0,3,6,1,0,8.47799968719482,5.41699981689453,12.6000003814697,31088,0.282700002193451,0.0776999965310097,1992.91666666667,0.784406224178668
284,"January",1993,1,3,5,0,0,2,2,0,0,8.46399974822998,5.41200017929077,12.5,30948,0.287400007247925,0.0810000002384186,1993,0.78013029698046
287,"April",1993,4,2,1,0,0,5,7,0,0,8.46399974822998,5.41200017929077,12.5,30948,0.270599991083145,0.0773999989032745,1993.25,0.777586203648181
288,"May",1993,5,1,2,0,1,2,1,0,0,8.46399974822998,5.41200017929077,12.5,30948,0.270399987697601,0.0702999979257584,1993.33333333333,0.793660108916252
289,"June",1993,6,4,2,0,0,1,2,0,1,8.46399974822998,5.41200017929077,12.5,30948,0.267599999904633,0.0724000036716461,1993.41666666667,0.787058814970267
290,"July",1993,7,1,0,0,0,4,2,0,0,8.46399974822998,5.41200017929077,12.5,30948,0.217781856656075,0.081388995051384,1993.5,0.727951454538862
291,"August",1993,8,0,3,0,0,1,0,0,0,8.46399974822998,5.41200017929077,12.5,30948,0.286500006914139,0.0718000009655952,1993.58333333333,0.799609267690289
292,"September",1993,9,1,5,0,0,0,3,0,0,8.46399974822998,5.41200017929077,12.5,30948,0.23888173699379,0.0715116038918495,1993.66666666667,0.769609735544561
293,"October",1993,10,11,17,0,0,1,5,0,0,8.46399974822998,5.41200017929077,12.5,30948,0.263900011777878,0.0754999965429306,1993.75,0.777548630842795
295,"December",1993,12,4,4,0,0,1,1,0,0,8.46399974822998,5.41200017929077,12.5,30948,0.258100003004074,0.0719999969005585,1993.91666666667,0.781884286818056
296,"January",1994,1,0,2,1,0,4,4,0,0,8.49300003051758,5.24100017547607,11.6000003814697,30024,0.251700013875961,0.0851000025868416,1994,0.747327795643857
297,"February",1994,2,2,2,0,1,0,2,1,0,8.49300003051758,5.24100017547607,11.6000003814697,30024,0.251599997282028,0.0768000036478043,1994.08333333333,0.766138844609158
298,"March",1994,3,1,1,0,0,2,2,0,1,8.49300003051758,5.24100017547607,11.6000003814697,30024,0.249699994921684,0.0758000016212463,1994.16666666667,0.767127488705675
299,"April",1994,4,7,6,0,0,1,1,0,0,8.49300003051758,5.24100017547607,11.6000003814697,30024,0.246700003743172,0.0775000005960464,1994.25,0.76095003220618
300,"May",1994,5,5,7,0,0,7,6,0,0,8.49300003051758,5.24100017547607,11.6000003814697,30024,0.2449000030756,0.0696000009775162,1994.33333333333,0.778696343146115
301,"June",1994,6,3,10,0,0,5,7,0,0,8.49300003051758,5.24100017547607,11.6000003814697,30024,0.244100004434586,0.0720999985933304,1994.41666666667,0.771979766277975
304,"September",1994,9,0,1,0,0,2,6,0,0,8.49300003051758,5.24100017547607,11.6000003814697,30024,0.255699992179871,0.0698999986052513,1994.66666666667,0.785319408527313
305,"October",1994,10,0,0,0,0,0,1,0,0,8.49300003051758,5.24100017547607,11.6000003814697,30024,0.238800004124641,0.0683000013232231,1994.75,0.777596873619013
306,"November",1994,11,1,0,0,0,0,0,0,0,8.49300003051758,5.24100017547607,11.6000003814697,30024,0.222499996423721,0.0768000036478043,1994.83333333333,0.74340125750267
307,"December",1994,12,0,1,0,0,1,0,0,0,8.49300003051758,5.24100017547607,11.6000003814697,30024,0.219699993729591,0.0759000033140182,1994.91666666667,0.743234086356162
308,"January",1995,1,0,0,0,0,0,1,0,0,8.4399995803833,5.09999990463257,9.89999961853027,27859,0.224299997091293,0.0767000019550323,1995,0.745182716950016
309,"February",1995,2,0,0,0,0,0,0,0,0,8.4399995803833,5.09999990463257,9.89999961853027,27859,0.217800006270409,0.0781999975442886,1995.08333333333,0.735810822511869
310,"March",1995,3,0,0,0,0,0,0,0,0,8.4399995803833,5.09999990463257,9.89999961853027,27859,0.215000003576279,0.0763000026345253,1995.16666666667,0.738070714013959
311,"March",1995,3,1,0,0,0,0,0,0,0,8.4399995803833,5.09999990463257,9.89999961853027,27859,0.21170000731945,0.0758000016212463,1995.16666666667,0.736347828646914
312,"April",1995,4,1,0,0,0,1,0,0,0,8.4399995803833,5.09999990463257,9.89999961853027,27859,0.209099993109703,0.0705000013113022,1995.25,0.747854067532106
314,"July",1995,7,0,0,0,0,0,0,0,0,8.4399995803833,5.09999990463257,9.89999961853027,27859,0.228699997067451,0.0723000019788742,1995.5,0.759800657116458
315,"August",1995,8,0,0,0,0,0,0,0,0,8.4399995803833,5.09999990463257,9.89999961853027,27859,0.232999995350838,0.0684999972581863,1995.58333333333,0.772802656924058
316,"September",1995,9,1,1,0,0,0,0,0,0,8.4399995803833,5.09999990463257,9.89999961853027,27859,0.225899994373322,0.0697000026702881,1995.66666666667,0.764208378324154
319,"December",1995,12,4,0,0,0,0,1,0,0,8.4399995803833,5.09999990463257,9.89999961853027,27859,0.206400007009506,0.069300003349781,1995.91666666667,0.748639823192351
321,"February",1996,2,3,0,0,0,2,0,0,0,8.42800045013428,5.09999990463257,10.5,28430,0.219899997115135,0.0617999993264675,1996.08333333333,0.780617678001005
323,"April",1996,4,0,0,0,0,2,1,0,0,8.42800045013428,5.09999990463257,10.5,28430,0.215100005269051,0.0662999972701073,1996.25,0.764392335920888
324,"May",1996,5,1,0,0,0,0,0,0,0,8.42800045013428,5.09999990463257,10.5,28430,0.206400007009506,0.063000001013279,1996.33333333333,0.766146996521431
325,"June",1996,6,2,0,0,0,1,0,0,0,8.42800045013428,5.09999990463257,10.5,28430,0.218099996447563,0.0571000017225742,1996.41666666667,0.792514527244752
327,"August",1996,8,0,0,0,0,0,1,0,1,8.42800045013428,5.09999990463257,10.5,28430,0.233999997377396,0.0665000006556511,1996.58333333333,0.778702159431169
328,"September",1996,9,2,0,1,0,0,0,0,0,8.42800045013428,5.09999990463257,10.5,28430,0.228699997067451,0.063400000333786,1996.66666666667,0.7829510410892
329,"October",1996,10,1,1,0,0,2,0,1,0,8.42800045013428,5.09999990463257,10.5,28430,0.20550000667572,0.0595999993383884,1996.75,0.775179185264837
330,"November",1996,11,0,0,0,0,1,1,0,0,8.42800045013428,5.09999990463257,10.5,28430,0.18350000679493,0.0570000000298023,1996.83333333333,0.762993769595433
331,"December",1996,12,0,0,0,0,0,0,0,0,8.42800045013428,5.09999990463257,10.5,28430,0.174400001764297,0.0593999996781349,1996.91666666667,0.745936700976622
332,"January",1997,1,0,0,0,0,0,0,0,0,8.48499965667725,5.09999990463257,11.5,29391,0.172199994325638,0.0575999990105629,1997,0.749347255522792
334,"March",1997,3,0,2,0,0,1,0,0,0,8.48499965667725,5.09999990463257,11.5,29391,0.171000003814697,0.0436000004410744,1997.16666666667,0.796831316046436
336,"May",1997,5,1,2,0,0,0,0,0,0,8.48499965667725,5.09999990463257,11.5,29391,0.153500005602837,0.0445000007748604,1997.33333333333,0.775252528578338
337,"June",1997,6,2,2,1,0,1,2,0,0,8.48499965667725,5.09999990463257,11.5,29391,0.148300006985664,0.0478999987244606,1997.41666666667,0.75586137955964
339,"August",1997,8,0,0,0,0,0,3,0,0,8.48499965667725,5.09999990463257,11.5,29391,0.164900004863739,0.0476999990642071,1997.58333333333,0.775635003843305
340,"September",1997,9,0,1,0,0,0,0,0,0,8.48499965667725,5.09999990463257,11.5,29391,0.172600001096725,0.0364999994635582,1997.66666666667,0.825442375103987
341,"October",1997,10,0,1,0,0,0,1,0,0,8.48499965667725,5.09999990463257,11.5,29391,0.160699993371964,0.0355000011622906,1997.75,0.819062170482922
342,"November",1997,11,0,1,0,0,0,1,0,0,8.48499965667725,5.09999990463257,11.5,29391,0.154699996113777,0.0351000018417835,1997.83333333333,0.815068481454875
343,"December",1997,12,1,3,0,0,0,1,0,0,8.48499965667725,5.09999990463257,11.5,29391,0.151800006628036,0.0346999987959862,1997.91666666667,0.81394103063379
345,"February",1998,2,2,0,0,1,1,6,0,0,8.50500011444092,5,11,28779,0.151800006628036,0.0399000011384487,1998.08333333333,0.79186228731377
346,"March",1998,3,1,3,0,0,2,0,0,1,8.50500011444092,5,11,28779,0.147799998521805,0.0388999991118908,1998.16666666667,0.791644351339455
347,"April",1998,4,2,2,0,0,1,3,0,0,8.50500011444092,5,11,28779,0.145699992775917,0.0388000011444092,1998.25,0.789701883886433
348,"May",1998,5,0,0,1,0,2,2,0,0,8.50500011444092,5,11,28779,0.141499996185303,0.0377999991178513,1998.33333333333,0.789180144405802
349,"June",1998,6,0,0,0,0,0,0,1,0,8.50500011444092,5,11,28779,0.178299993276596,0.00879999995231628,1998.41666666667,0.952966326719479
350,"July",1998,7,1,4,0,0,0,0,0,0,8.50500011444092,5,11,28779,0.214670091867447,0.0535101071000099,1998.5,0.800469582370236
351,"August",1998,8,29,0,0,0,1,4,0,0,8.50500011444092,5,11,28779,0.211198881268501,0.0559196658432484,1998.58333333333,0.790655997316973
353,"October",1998,10,0,2,0,0,0,0,0,0,8.50500011444092,5,11,28779,0.206448838114738,0.0562883503735065,1998.75,0.785761769403935
354,"November",1998,11,0,0,0,0,0,2,0,0,8.50500011444092,5,11,28779,0.198951825499535,0.0591293945908546,1998.83333333333,0.770888425860102
355,"December",1998,12,0,0,0,0,0,0,0,0,8.50500011444092,5,11,28779,0.198951825499535,0.0591293945908546,1998.91666666667,0.770888425860102
356,"January",1999,1,1,0,0,0,0,0,0,0,8.49600028991699,4.34999990463257,9,25925,0.176563143730164,0.0415538288652897,1999,0.809488329262847
358,"March",1999,3,0,2,0,0,0,0,0,0,8.49600028991699,4.34999990463257,9,25925,0.182839468121529,0.0397984832525253,1999.16666666667,0.821241243880923
359,"April",1999,4,0,0,0,0,0,2,0,0,8.49600028991699,4.34999990463257,9,25925,0.176199823617935,0.0416274294257164,1999.25,0.808897055606837
360,"May",1999,5,1,0,0,0,0,0,0,0,8.49600028991699,4.34999990463257,9,25925,0.176563143730164,0.0415538288652897,1999.33333333333,0.809488329262847
362,"July",1999,7,1,0,0,0,1,1,0,0,8.49600028991699,4.34999990463257,9,25925,0.176563143730164,0.0415538288652897,1999.5,0.809488329262847
363,"August",1999,8,0,0,0,0,1,0,0,0,8.49600028991699,4.34999990463257,9,25925,0.176199823617935,0.0416274294257164,1999.58333333333,0.808897055606837
364,"September",1999,9,0,0,0,0,0,0,0,0,8.49600028991699,4.34999990463257,9,25925,0.176199823617935,0.0416274294257164,1999.66666666667,0.808897055606837
365,"October",1999,10,0,0,0,1,0,0,0,0,8.49600028991699,4.34999990463257,9,25925,0.17545510828495,0.0413181073963642,1999.75,0.809394775703714
366,"November",1999,11,0,0,0,0,0,0,0,1,8.49600028991699,4.34999990463257,9,25925,0.176199823617935,0.0416274294257164,1999.83333333333,0.808897055606837
368,"January",2000,1,0,1,0,0,0,0,0,0,8.30000019073486,4.19999980926514,8.39999961853027,24800,0.165375590324402,0.0315535962581635,2000,0.839771865177871
370,"March",2000,3,0,0,0,0,0,2,0,0,8.30000019073486,4.19999980926514,8.39999961853027,24800,0.162345081567764,0.032205194234848,2000.16666666667,0.834463384325793
371,"April",2000,4,1,0,0,0,0,0,0,0,8.30000019073486,4.19999980926514,8.39999961853027,24800,0.162679821252823,0.0321535207331181,2000.25,0.834969105362684
372,"May",2000,5,1,1,0,0,1,0,0,0,8.30000019073486,4.19999980926514,8.39999961853027,24800,0.165716588497162,0.031503438949585,2000.33333333333,0.840262475584071
373,"June",2000,6,0,0,0,0,1,1,0,0,8.30000019073486,4.19999980926514,8.39999961853027,24800,0.162345081567764,0.032205194234848,2000.41666666667,0.834463384325793
374,"July",2000,7,0,1,0,0,0,0,0,0,8.30000019073486,4.19999980926514,8.39999961853027,24800,0.165375590324402,0.0315535962581635,2000.5,0.839771865177871
375,"August",2000,8,0,3,0,0,0,1,0,0,8.30000019073486,4.19999980926514,8.39999961853027,24800,0.171607345342636,0.030307199805975,2000.58333333333,0.849900858882313
376,"September",2000,9,1,0,0,0,0,3,0,0,8.30000019073486,4.19999980926514,8.39999961853027,24800,0.162679821252823,0.0321535207331181,2000.66666666667,0.834969105362684
377,"October",2000,10,1,3,0,0,1,0,0,0,8.30000019073486,4.19999980926514,8.39999961853027,24800,0.171961203217506,0.0302599426358938,2000.75,0.850362124553331
379,"December",2000,12,0,2,0,1,0,1,0,0,8.30000019073486,4.19999980926514,8.39999961853027,24800,0.167750641703606,0.0307165030390024,2000.91666666667,0.845231294686893
380,"January",2001,1,0,1,0,0,0,2,0,1,7.80999994277954,4.19999980926514,8.5,24079,0.141084343194962,0.0214296467602253,2001,0.868136603094081
381,"February",2001,2,0,0,0,0,0,1,0,0,7.80999994277954,4.19999980926514,8.5,24079,0.138498976826668,0.0217751786112785,2001.08333333333,0.86413792946356
382,"March",2001,3,0,1,0,0,0,0,0,0,7.80999994277954,4.19999980926514,8.5,24079,0.141084343194962,0.0214296467602253,2001.16666666667,0.868136603094081
383,"April",2001,4,1,2,0,0,0,1,0,0,7.80999994277954,4.19999980926514,8.5,24079,0.144014328718185,0.0210684314370155,2001.25,0.872376549694176
384,"May",2001,5,0,1,0,1,1,2,0,0,7.80999994277954,4.19999980926514,8.5,24079,0.140488043427467,0.0213178601115942,2001.33333333333,0.868250418276933
385,"June",2001,6,0,1,0,0,0,1,0,1,7.80999994277954,4.19999980926514,8.5,24079,0.141084343194962,0.0214296467602253,2001.41666666667,0.868136603094081
386,"July",2001,7,0,2,0,0,0,1,0,0,7.80999994277954,4.19999980926514,8.5,24079,0.143717974424362,0.0210942476987839,2001.5,0.872010416296539
387,"August",2001,8,0,0,0,0,0,2,0,0,7.80999994277954,4.19999980926514,8.5,24079,0.138498976826668,0.0217751786112785,2001.58333333333,0.86413792946356
389,"October",2001,10,1,0,0,0,0,1,0,0,7.80999994277954,4.19999980926514,8.5,24079,0.138784572482109,0.0217477772384882,2001.75,0.864527135643752
390,"November",2001,11,0,1,0,0,1,0,0,0,7.80999994277954,4.19999980926514,8.5,24079,0.141084343194962,0.0214296467602253,2001.83333333333,0.868136603094081
391,"December",2001,12,1,2,0,0,0,1,0,0,7.80999994277954,4.19999980926514,8.5,24079,0.144014328718185,0.0210684314370155,2001.91666666667,0.872376549694176
