"d3mIndex","Region","Zone","Year","Month","Date","precipitation","TOTAL_A_KM","WATER_A_KM","LAND_A_KM","ISOALPHA","COUNTRYNM","population","population_density","MaizeRetailPrice_li","MaizeProductionQuintal","MaizeYieldQtHa","Fertilizer_Area.HA","Fertilizer_Hectare","Fertilizer_Quintal"
1,"Amhara","North Wello",2008,1,"2008-01",13.696742578,12297.11,0,12297.11,"ETH","Ethiopia",1680005,136.6179,4.088889,91539.61,13.41,396716,326571,394196
2,"Amhara","North Wello",2008,10,"2008-10",29.91432362,12297.11,0,12297.11,"ETH","Ethiopia",1705509,138.6919,5.8,91539.61,13.41,396716,326571,394196
3,"Amhara","North Wello",2008,12,"2008-12",7.1145652412,12297.11,0,12297.11,"ETH","Ethiopia",1711176,139.1528,5,91539.61,13.41,396716,326571,394196
4,"Amhara","Oromiya",2008,5,"2008-05",42.958436038,3805.731,0,3805.731,"ETH","Ethiopia",515504,135.4547,5.04197555555556,85308.21,14.92,396716,326571,394196
5,"Amhara","Oromiya",2008,4,"2008-04",19.75461182,3805.731,0,3805.731,"ETH","Ethiopia",514640.3,135.2278,4.81037066666667,85308.21,14.92,396716,326571,394196
6,"Amhara","Oromiya",2008,11,"2008-11",61.41090946,3805.731,0,3805.731,"ETH","Ethiopia",520685.9,136.8163,3.6,85308.21,14.92,396716,326571,394196
7,"Amhara","Oromiya",2008,3,"2008-03",3.292938015,3805.731,0,3805.731,"ETH","Ethiopia",513776.7,135.0008,4.57876577777778,85308.21,14.92,396716,326571,394196
8,"Amhara","Oromiya",2008,8,"2008-08",201.19785344,3805.731,0,3805.731,"ETH","Ethiopia",518095,136.1355,5.73679022222222,85308.21,14.92,396716,326571,394196
9,"Amhara","North Wello",2008,9,"2008-09",81.896502208,12297.11,0,12297.11,"ETH","Ethiopia",1702675,138.4614,5.60987655555556,91539.61,13.41,396716,326571,394196
10,"Amhara","Oromiya",2008,2,"2008-02",4.3122741402,3805.731,0,3805.731,"ETH","Ethiopia",512913,134.7739,4.34716088888889,85308.21,14.92,396716,326571,394196
11,"Amhara","Oromiya",2008,9,"2008-09",66.181875368,3805.731,0,3805.731,"ETH","Ethiopia",518958.6,136.3624,5.96839511111111,85308.21,14.92,396716,326571,394196
12,"Amhara","Oromiya",2008,7,"2008-07",246.77470844,3805.731,0,3805.731,"ETH","Ethiopia",517231.3,135.9086,5.50518533333333,85308.21,14.92,396716,326571,394196
13,"Amhara","Oromiya",2008,12,"2008-12",3.207895964,3805.731,0,3805.731,"ETH","Ethiopia",521549.5,137.0432,4.2,85308.21,14.92,396716,326571,394196
14,"Amhara","Oromiya",2008,6,"2008-06",39.422635088,3805.731,0,3805.731,"ETH","Ethiopia",516367.7,135.6816,5.27358044444444,85308.21,14.92,396716,326571,394196
15,"Amhara","Oromiya",2008,10,"2008-10",37.57545586,3805.731,0,3805.731,"ETH","Ethiopia",519822.2,136.5894,6.2,85308.21,14.92,396716,326571,394196
16,"Amhara","North Wello",2008,11,"2008-11",50.01358487,12297.11,0,12297.11,"ETH","Ethiopia",1708342,138.9223,5.39,91539.61,13.41,396716,326571,394196
17,"Amhara","North Wello",2008,7,"2008-07",255.92488391,12297.11,0,12297.11,"ETH","Ethiopia",1697008,138.0006,5.22962966666667,91539.61,13.41,396716,326571,394196
18,"Amhara","North Wello",2008,2,"2008-02",2.8824681921,12297.11,0,12297.11,"ETH","Ethiopia",1682839,136.8483,4.27901244444444,91539.61,13.41,396716,326571,394196
19,"Amhara","North Wello",2008,3,"2008-03",5.9289376508,12297.11,0,12297.11,"ETH","Ethiopia",1685672,137.0788,4.46913588888889,91539.61,13.41,396716,326571,394196
20,"Amhara","North Wello",2008,4,"2008-04",24.072855283,12297.11,0,12297.11,"ETH","Ethiopia",1688506,137.3092,4.65925933333333,91539.61,13.41,396716,326571,394196
21,"Amhara","Oromiya",2008,1,"2008-01",18.708690554,3805.731,0,3805.731,"ETH","Ethiopia",512049.4,134.547,4.115556,85308.21,14.92,396716,326571,394196
22,"Amhara","North Wello",2008,6,"2008-06",57.237961646,12297.11,0,12297.11,"ETH","Ethiopia",1694174,137.7701,5.03950622222222,91539.61,13.41,396716,326571,394196
23,"Amhara","North Wello",2008,5,"2008-05",53.926369306,12297.11,0,12297.11,"ETH","Ethiopia",1691340,137.5397,4.84938277777778,91539.61,13.41,396716,326571,394196
24,"Amhara","North Wello",2008,8,"2008-08",257.07498874,12297.11,0,12297.11,"ETH","Ethiopia",1699841,138.231,5.41975311111111,91539.61,13.41,396716,326571,394196
25,"Amhara","North Wello",2009,5,"2009-05",9.8371066138,12297.11,0,12297.11,"ETH","Ethiopia",1725345,140.305,3.82592611111111,114136.8,18.87,355508,295056,435691
26,"Amhara","North Wello",2009,2,"2009-02",16.158260378,12297.11,0,12297.11,"ETH","Ethiopia",1716844,139.6136,3.78148177777778,114136.8,18.87,355508,295056,435691
27,"Amhara","Oromiya",2009,8,"2009-08",298.6893108,3805.731,0,3805.731,"ETH","Ethiopia",528458.8,138.8587,3.65209866666667,99178.32,16.97,355508,295056,435691
28,"Amhara","North Wello",2009,8,"2009-08",238.02525563,12297.11,0,12297.11,"ETH","Ethiopia",1733846,140.9963,3.87037044444444,114136.8,18.87,355508,295056,435691
29,"Amhara","North Wello",2009,11,"2009-11",11.8572655601,12297.11,0,12297.11,"ETH","Ethiopia",1742348,141.6876,3.73,114136.8,18.87,355508,295056,435691
30,"Amhara","North Wello",2009,3,"2009-03",36.220170621,12297.11,0,12297.11,"ETH","Ethiopia",1719678,139.8441,3.79629655555556,114136.8,18.87,355508,295056,435691
31,"Amhara","North Wello",2009,1,"2009-01",9.0495165882,12297.11,0,12297.11,"ETH","Ethiopia",1714010,139.3832,3.766667,114136.8,18.87,355508,295056,435691
32,"Amhara","Oromiya",2009,1,"2009-01",34.678328832,3805.731,0,3805.731,"ETH","Ethiopia",522413.2,137.2702,3.834444,99178.32,16.97,355508,295056,435691
33,"Amhara","North Wello",2009,4,"2009-04",32.2760939064,12297.11,0,12297.11,"ETH","Ethiopia",1722511,140.0745,3.81111133333333,114136.8,18.87,355508,295056,435691
34,"Amhara","Oromiya",2009,3,"2009-03",25.941490284,3805.731,0,3805.731,"ETH","Ethiopia",524140.5,137.7241,3.78234533333333,99178.32,16.97,355508,295056,435691
35,"Amhara","Oromiya",2009,7,"2009-07",295.05173672,3805.731,0,3805.731,"ETH","Ethiopia",527595.1,138.6318,3.678148,99178.32,16.97,355508,295056,435691
36,"Amhara","North Wello",2009,9,"2009-09",23.298821601,12297.11,0,12297.11,"ETH","Ethiopia",1736680,141.2267,3.88518522222222,114136.8,18.87,355508,295056,435691
37,"Amhara","North Wello",2009,6,"2009-06",20.838577355,12297.11,0,12297.11,"ETH","Ethiopia",1728179,140.5354,3.84074088888889,114136.8,18.87,355508,295056,435691
38,"Amhara","North Wello",2009,7,"2009-07",267.95367183,12297.11,0,12297.11,"ETH","Ethiopia",1731012,140.7659,3.85555566666667,114136.8,18.87,355508,295056,435691
39,"Amhara","Oromiya",2009,4,"2009-04",23.784485438,3805.731,0,3805.731,"ETH","Ethiopia",525004.2,137.951,3.756296,99178.32,16.97,355508,295056,435691
40,"Amhara","Oromiya",2009,11,"2009-11",13.5047490176,3805.731,0,3805.731,"ETH","Ethiopia",531049.7,139.5395,3.6,99178.32,16.97,355508,295056,435691
41,"Amhara","North Wello",2009,10,"2009-10",45.295646837,12297.11,0,12297.11,"ETH","Ethiopia",1739514,141.4572,3.9,114136.8,18.87,355508,295056,435691
42,"Amhara","Oromiya",2009,12,"2009-12",51.565659042,3805.731,0,3805.731,"ETH","Ethiopia",531913.3,139.7665,3.4,99178.32,16.97,355508,295056,435691
43,"Amhara","Oromiya",2009,2,"2009-02",19.304972498,3805.731,0,3805.731,"ETH","Ethiopia",523276.8,137.4971,3.80839466666667,99178.32,16.97,355508,295056,435691
44,"Amhara","North Wello",2009,12,"2009-12",27.494678805,12297.11,0,12297.11,"ETH","Ethiopia",1745181,141.9181,3.9,114136.8,18.87,355508,295056,435691
45,"Amhara","Oromiya",2009,9,"2009-09",39.134577568,3805.731,0,3805.731,"ETH","Ethiopia",529322.4,139.0857,3.62604933333333,99178.32,16.97,355508,295056,435691
46,"Amhara","Oromiya",2009,6,"2009-06",39.29282387,3805.731,0,3805.731,"ETH","Ethiopia",526731.4,138.4049,3.70419733333333,99178.32,16.97,355508,295056,435691
47,"Amhara","Oromiya",2009,10,"2009-10",66.566030346,3805.731,0,3805.731,"ETH","Ethiopia",530186.1,139.3126,3.6,99178.32,16.97,355508,295056,435691
48,"Amhara","Oromiya",2009,5,"2009-05",39.466279006,3805.731,0,3805.731,"ETH","Ethiopia",525867.8,138.1779,3.73024666666667,99178.32,16.97,355508,295056,435691
49,"Amhara","Oromiya",2010,2,"2010-02",57.546621876,3805.731,0,3805.731,"ETH","Ethiopia",533661.4,140.2258,3.01876533333333,104537.7,17.02,472260,405007,556814
50,"Amhara","Oromiya",2010,6,"2010-06",19.424194282,3805.731,0,3805.731,"ETH","Ethiopia",537199.1,141.1553,2.88938266666667,104537.7,17.02,472260,405007,556814
51,"Amhara","Oromiya",2010,4,"2010-04",101.910986416,3805.731,0,3805.731,"ETH","Ethiopia",535430.2,140.6906,2.954074,104537.7,17.02,472260,405007,556814
52,"Amhara","North Wello",2010,12,"2010-12",15.3113992088,12297.11,0,12297.11,"ETH","Ethiopia",1779933,144.7441,2.34,100914.2,17.63,472260,405007,556814
53,"Amhara","North Wello",2010,6,"2010-06",17.0052211391,12297.11,0,12297.11,"ETH","Ethiopia",1762523,143.3283,2.99666666666667,100914.2,17.63,472260,405007,556814
54,"Amhara","North Wello",2010,8,"2010-08",530.11741927,12297.11,0,12297.11,"ETH","Ethiopia",1768327,143.8002,2.86333333333333,100914.2,17.63,472260,405007,556814
55,"Amhara","North Wello",2010,7,"2010-07",357.8746557,12297.11,0,12297.11,"ETH","Ethiopia",1765425,143.5643,2.93,100914.2,17.63,472260,405007,556814
56,"Amhara","North Wello",2010,10,"2010-10",10.3187326631,12297.11,0,12297.11,"ETH","Ethiopia",1774130,144.2722,2.73,100914.2,17.63,472260,405007,556814
57,"Amhara","North Wello",2010,5,"2010-05",97.630519288,12297.11,0,12297.11,"ETH","Ethiopia",1759622,143.0923,3.06333333333333,100914.2,17.63,472260,405007,556814
58,"Amhara","Oromiya",2010,1,"2010-01",2.1234822962,3805.731,0,3805.731,"ETH","Ethiopia",532777,139.9934,3.051111,104537.7,17.02,472260,405007,556814
59,"Amhara","Oromiya",2010,8,"2010-08",571.25676796,3805.731,0,3805.731,"ETH","Ethiopia",538967.9,141.6201,2.82469133333333,104537.7,17.02,472260,405007,556814
60,"Amhara","Oromiya",2010,12,"2010-12",3.9615256222,3805.731,0,3805.731,"ETH","Ethiopia",542505.6,142.5497,2.8,104537.7,17.02,472260,405007,556814
61,"Amhara","North Wello",2010,9,"2010-09",63.029228551,12297.11,0,12297.11,"ETH","Ethiopia",1771228,144.0362,2.79666666666667,100914.2,17.63,472260,405007,556814
62,"Amhara","North Wello",2010,1,"2010-01",5.6277515116,12297.11,0,12297.11,"ETH","Ethiopia",1748015,142.1485,3.33,100914.2,17.63,472260,405007,556814
63,"Amhara","North Wello",2010,3,"2010-03",39.408891176,12297.11,0,12297.11,"ETH","Ethiopia",1753818,142.6204,3.19666666666667,100914.2,17.63,472260,405007,556814
64,"Amhara","North Wello",2010,11,"2010-11",13.2140934009,12297.11,0,12297.11,"ETH","Ethiopia",1777032,144.5081,2.34,100914.2,17.63,472260,405007,556814
65,"Amhara","Oromiya",2010,9,"2010-09",77.060273092,3805.731,0,3805.731,"ETH","Ethiopia",539852.3,141.8525,2.79234566666667,104537.7,17.02,472260,405007,556814
66,"Amhara","Oromiya",2010,11,"2010-11",32.23830716,3805.731,0,3805.731,"ETH","Ethiopia",541621.2,142.3173,2.8,104537.7,17.02,472260,405007,556814
67,"Amhara","North Wello",2010,4,"2010-04",100.648113531,12297.11,0,12297.11,"ETH","Ethiopia",1756720,142.8564,3.13,100914.2,17.63,472260,405007,556814
68,"Amhara","Oromiya",2010,3,"2010-03",66.906470744,3805.731,0,3805.731,"ETH","Ethiopia",534545.8,140.4582,2.98641966666667,104537.7,17.02,472260,405007,556814
69,"Amhara","North Wello",2010,2,"2010-02",15.0548902869,12297.11,0,12297.11,"ETH","Ethiopia",1750917,142.3845,3.26333333333333,100914.2,17.63,472260,405007,556814
70,"Amhara","Oromiya",2010,7,"2010-07",363.85945418,3805.731,0,3805.731,"ETH","Ethiopia",538083.5,141.3877,2.857037,104537.7,17.02,472260,405007,556814
71,"Amhara","Oromiya",2010,10,"2010-10",8.2337073492,3805.731,0,3805.731,"ETH","Ethiopia",540736.8,142.0849,2.76,104537.7,17.02,472260,405007,556814
72,"Amhara","Oromiya",2010,5,"2010-05",95.560529164,3805.731,0,3805.731,"ETH","Ethiopia",536314.7,140.923,2.92172833333333,104537.7,17.02,472260,405007,556814
73,"Amhara","North Wello",2012,7,"2012-07",329.74197149,12297.11,0,12297.11,"ETH","Ethiopia",1835064,149.2274,5.50851866666667,94903.77,12.85,434642,389359,494932
74,"Amhara","North Wello",2012,2,"2012-02",6.9343372914,12297.11,0,12297.11,"ETH","Ethiopia",1820556,148.0475,5.47271644444444,94903.77,12.85,434642,389359,494932
75,"Amhara","Oromiya",2012,3,"2012-03",77.328552032,3805.731,0,3805.731,"ETH","Ethiopia",555771.8,146.0355,5.73061711111111,106230.2,17.95,434642,389359,494932
76,"Amhara","North Wello",2012,10,"2012-10",17.2041905533,12297.11,0,12297.11,"ETH","Ethiopia",1843769,149.9352,5.53,94903.77,12.85,434642,389359,494932
77,"Amhara","Oromiya",2012,2,"2012-02",8.0115395714,3805.731,0,3805.731,"ETH","Ethiopia",554887.4,145.8031,5.70641955555556,106230.2,17.95,434642,389359,494932
78,"Amhara","Oromiya",2012,10,"2012-10",2.2301096136,3805.731,0,3805.731,"ETH","Ethiopia",561962.8,147.6623,5.9,106230.2,17.95,434642,389359,494932
79,"Amhara","North Wello",2012,4,"2012-04",145.084628368,12297.11,0,12297.11,"ETH","Ethiopia",1826360,148.5195,5.48703733333333,94903.77,12.85,434642,389359,494932
80,"Amhara","North Wello",2012,3,"2012-03",150.336206244,12297.11,0,12297.11,"ETH","Ethiopia",1823458,148.2835,5.47987688888889,94903.77,12.85,434642,389359,494932
81,"Amhara","North Wello",2012,8,"2012-08",271.0745177,12297.11,0,12297.11,"ETH","Ethiopia",1837966,149.4633,5.51567911111111,94903.77,12.85,434642,389359,494932
82,"Amhara","Oromiya",2012,9,"2012-09",41.856286588,3805.731,0,3805.731,"ETH","Ethiopia",561078.3,147.4299,5.87580244444444,106230.2,17.95,434642,389359,494932
83,"Amhara","North Wello",2012,12,"2012-12",8.1820252117,12297.11,0,12297.11,"ETH","Ethiopia",1849573,150.4072,6,94903.77,12.85,434642,389359,494932
84,"Amhara","Oromiya",2012,6,"2012-06",39.931878946,3805.731,0,3805.731,"ETH","Ethiopia",558425.1,146.7327,5.80320977777778,106230.2,17.95,434642,389359,494932
85,"Amhara","Oromiya",2012,4,"2012-04",192.79280264,3805.731,0,3805.731,"ETH","Ethiopia",556656.2,146.2679,5.75481466666667,106230.2,17.95,434642,389359,494932
86,"Amhara","North Wello",2012,1,"2012-01",7.7929303705,12297.11,0,12297.11,"ETH","Ethiopia",1817655,147.8116,5.465556,94903.77,12.85,434642,389359,494932
87,"Amhara","North Wello",2012,6,"2012-06",33.47519439,12297.11,0,12297.11,"ETH","Ethiopia",1832163,148.9914,5.50135822222222,94903.77,12.85,434642,389359,494932
88,"Amhara","North Wello",2012,11,"2012-11",15.405632458,12297.11,0,12297.11,"ETH","Ethiopia",1846671,150.1712,5.85,94903.77,12.85,434642,389359,494932
89,"Amhara","North Wello",2012,5,"2012-05",36.599299922,12297.11,0,12297.11,"ETH","Ethiopia",1829261,148.7554,5.49419777777778,94903.77,12.85,434642,389359,494932
90,"Amhara","Oromiya",2012,11,"2012-11",2.0383554336,3805.731,0,3805.731,"ETH","Ethiopia",562847.2,147.8947,5.62,106230.2,17.95,434642,389359,494932
91,"Amhara","Oromiya",2012,1,"2012-01",8.9915037262,3805.731,0,3805.731,"ETH","Ethiopia",554003,145.5708,5.682222,106230.2,17.95,434642,389359,494932
92,"Amhara","Oromiya",2012,8,"2012-08",349.70323296,3805.731,0,3805.731,"ETH","Ethiopia",560193.9,147.1975,5.85160488888889,106230.2,17.95,434642,389359,494932
93,"Amhara","Oromiya",2012,7,"2012-07",350.39187886,3805.731,0,3805.731,"ETH","Ethiopia",559309.5,146.9651,5.82740733333333,106230.2,17.95,434642,389359,494932
94,"Amhara","Oromiya",2012,12,"2012-12",3.6311478006,3805.731,0,3805.731,"ETH","Ethiopia",563731.6,148.127,5.7492855,106230.2,17.95,434642,389359,494932
95,"Amhara","Oromiya",2012,5,"2012-05",45.188267044,3805.731,0,3805.731,"ETH","Ethiopia",557540.7,146.5003,5.77901222222222,106230.2,17.95,434642,389359,494932
96,"Amhara","North Wello",2012,9,"2012-09",34.791765685,12297.11,0,12297.11,"ETH","Ethiopia",1840868,149.6993,5.52283955555556,94903.77,12.85,434642,389359,494932
97,"Oromia","Bale",2008,12,"2008-12",4.68851353847059,55006.53,0.1850819,55006.35,"ETH","Ethiopia",1636456,29.75032,4.2,558833,19.87,933713,470904,351250
98,"Oromia","Bale",2008,10,"2008-10",169.043278931176,55006.53,0.1850819,55006.35,"ETH","Ethiopia",1628589,29.6073,5,558833,19.87,933713,470904,351250
99,"Oromia","Borena",2008,5,"2008-05",50.5939638051538,52613,671.0943,51941.91,"ETH","Ethiopia",1101434,21.2051,4.03209888888889,285247.9,23.43,933713,470904,351250
100,"Oromia","Borena",2008,10,"2008-10",169.983356615385,52613,671.0943,51941.91,"ETH","Ethiopia",1114898,21.46432,3.6,285247.9,23.43,933713,470904,351250
101,"Oromia","Bale",2008,4,"2008-04",136.450036711765,55006.53,0.1850819,55006.35,"ETH","Ethiopia",1604988,29.17824,4.699526,558833,19.87,933713,470904,351250
102,"Oromia","Bale",2008,5,"2008-05",155.024528784706,55006.53,0.1850819,55006.35,"ETH","Ethiopia",1608922,29.24975,4.749605,558833,19.87,933713,470904,351250
103,"Oromia","Bale",2008,8,"2008-08",97.3831628288235,55006.53,0.1850819,55006.35,"ETH","Ethiopia",1620722,29.46428,4.899842,558833,19.87,933713,470904,351250
104,"Oromia","Bale",2008,6,"2008-06",59.0814278835294,55006.53,0.1850819,55006.35,"ETH","Ethiopia",1612855,29.32126,4.799684,558833,19.87,933713,470904,351250
105,"Oromia","Borena",2008,1,"2008-01",9.33922472761538,52613,671.0943,51941.91,"ETH","Ethiopia",1090662,20.99773,4.377778,285247.9,23.43,933713,470904,351250
106,"Oromia","Borena",2008,4,"2008-04",140.164683561538,52613,671.0943,51941.91,"ETH","Ethiopia",1098741,21.15326,4.11851866666667,285247.9,23.43,933713,470904,351250
107,"Oromia","Borena",2008,12,"2008-12",3.84729228492308,52613,671.0943,51941.91,"ETH","Ethiopia",1120283,21.568,4.5,285247.9,23.43,933713,470904,351250
108,"Oromia","Borena",2008,6,"2008-06",34.0798671856154,52613,671.0943,51941.91,"ETH","Ethiopia",1104126,21.25695,3.94567911111111,285247.9,23.43,933713,470904,351250
109,"Oromia","Bale",2008,11,"2008-11",100.548274694118,55006.53,0.1850819,55006.35,"ETH","Ethiopia",1632523,29.67881,4.5,558833,19.87,933713,470904,351250
110,"Oromia","Borena",2008,9,"2008-09",75.4615003177692,52613,671.0943,51941.91,"ETH","Ethiopia",1112205,21.41247,3.68641977777778,285247.9,23.43,933713,470904,351250
111,"Oromia","Borena",2008,8,"2008-08",25.2800500293846,52613,671.0943,51941.91,"ETH","Ethiopia",1109512,21.36063,3.77283955555556,285247.9,23.43,933713,470904,351250
112,"Oromia","Borena",2008,2,"2008-02",6.78262905307692,52613,671.0943,51941.91,"ETH","Ethiopia",1093355,21.04957,4.29135822222222,285247.9,23.43,933713,470904,351250
113,"Oromia","Borena",2008,11,"2008-11",92.1365817192308,52613,671.0943,51941.91,"ETH","Ethiopia",1117591,21.51616,3.6,285247.9,23.43,933713,470904,351250
114,"Oromia","Borena",2008,3,"2008-03",62.89026142,52613,671.0943,51941.91,"ETH","Ethiopia",1096048,21.10142,4.20493844444444,285247.9,23.43,933713,470904,351250
115,"Oromia","Bale",2008,1,"2008-01",9.05459915994118,55006.53,0.1850819,55006.35,"ETH","Ethiopia",1593188,28.96371,4.549289,558833,19.87,933713,470904,351250
116,"Oromia","Bale",2008,3,"2008-03",33.7696729211765,55006.53,0.1850819,55006.35,"ETH","Ethiopia",1601055,29.10673,4.649447,558833,19.87,933713,470904,351250
117,"Oromia","Bale",2008,9,"2008-09",108.110186088824,55006.53,0.1850819,55006.35,"ETH","Ethiopia",1624656,29.53579,4.949921,558833,19.87,933713,470904,351250
118,"Oromia","Bale",2008,7,"2008-07",65.8567299329412,55006.53,0.1850819,55006.35,"ETH","Ethiopia",1616789,29.39277,4.849763,558833,19.87,933713,470904,351250
119,"Oromia","Bale",2008,2,"2008-02",4.610305727,55006.53,0.1850819,55006.35,"ETH","Ethiopia",1597121,29.03522,4.599368,558833,19.87,933713,470904,351250
120,"Oromia","Borena",2008,7,"2008-07",25.6331777406154,52613,671.0943,51941.91,"ETH","Ethiopia",1106819,21.30879,3.85925933333333,285247.9,23.43,933713,470904,351250
121,"Oromia","Bale",2009,11,"2009-11",31.3090864352941,55006.53,0.1850819,55006.35,"ETH","Ethiopia",1679725,30.53693,3,604793.4,19.5,1000056,290287,149388
122,"Oromia","Borena",2009,11,"2009-11",31.9508463684615,52613,671.0943,51941.91,"ETH","Ethiopia",1149904,22.13827,4.4,324390.3,18.35,1000056,290287,149388
123,"Oromia","East Shewa",2009,7,"2009-07",177.6901923,10053.51,550.7608,9502.751,"ETH","Ethiopia",1864446,8883.057,3.47777766666667,2424170,27.26,1000056,290287,149388
124,"Oromia","East Shewa",2009,1,"2009-01",67.9330291363636,10053.51,550.7608,9502.751,"ETH","Ethiopia",1838001,8757.065,4.433333,2424170,27.26,1000056,290287,149388
125,"Oromia","Borena",2009,5,"2009-05",112.434571817692,52613,671.0943,51941.91,"ETH","Ethiopia",1133747,21.82722,3.76543222222222,324390.3,18.35,1000056,290287,149388
126,"Oromia","Bale",2009,3,"2009-03",46.5009883258824,55006.53,0.1850819,55006.35,"ETH","Ethiopia",1648257,29.96485,4.17283933333333,604793.4,19.5,1000056,290287,149388
127,"Oromia","Bale",2009,7,"2009-07",40.1538047428824,55006.53,0.1850819,55006.35,"ETH","Ethiopia",1663991,30.25089,4.074074,604793.4,19.5,1000056,290287,149388
128,"Oromia","Bale",2009,9,"2009-09",86.8619891058824,55006.53,0.1850819,55006.35,"ETH","Ethiopia",1671858,30.39391,4.02469133333333,604793.4,19.5,1000056,290287,149388
129,"Oromia","Bale",2009,12,"2009-12",35.3240366335294,55006.53,0.1850819,55006.35,"ETH","Ethiopia",1683658,30.60844,3,604793.4,19.5,1000056,290287,149388
130,"Oromia","East Shewa",2009,2,"2009-02",8.29062898690909,10053.51,550.7608,9502.751,"ETH","Ethiopia",1842408,8778.063,4.27407377777778,2424170,27.26,1000056,290287,149388
131,"Oromia","Borena",2009,8,"2009-08",20.1600175290769,52613,671.0943,51941.91,"ETH","Ethiopia",1141826,21.98275,3.60617288888889,324390.3,18.35,1000056,290287,149388
132,"Oromia","Borena",2009,12,"2009-12",67.6532500076923,52613,671.0943,51941.91,"ETH","Ethiopia",1152597,22.19012,4,324390.3,18.35,1000056,290287,149388
133,"Oromia","Borena",2009,4,"2009-04",113.724162166154,52613,671.0943,51941.91,"ETH","Ethiopia",1131055,21.77537,3.81851866666667,324390.3,18.35,1000056,290287,149388
134,"Oromia","East Shewa",2009,12,"2009-12",41.3018548172727,10053.51,550.7608,9502.751,"ETH","Ethiopia",1886483,8988.05,3,2424170,27.26,1000056,290287,149388
135,"Oromia","Borena",2009,7,"2009-07",13.900224829,52613,671.0943,51941.91,"ETH","Ethiopia",1139133,21.9309,3.65925933333333,324390.3,18.35,1000056,290287,149388
136,"Oromia","Bale",2009,1,"2009-01",34.7169882376471,55006.53,0.1850819,55006.35,"ETH","Ethiopia",1640390,29.82183,4.222222,604793.4,19.5,1000056,290287,149388
137,"Oromia","East Shewa",2009,9,"2009-09",75.8588664909091,10053.51,550.7608,9502.751,"ETH","Ethiopia",1873260,8925.054,3.15925922222222,2424170,27.26,1000056,290287,149388
138,"Oromia","Bale",2009,2,"2009-02",7.00887529611765,55006.53,0.1850819,55006.35,"ETH","Ethiopia",1644323,29.89334,4.19753066666667,604793.4,19.5,1000056,290287,149388
139,"Oromia","Borena",2009,9,"2009-09",42.3678919368462,52613,671.0943,51941.91,"ETH","Ethiopia",1144519,22.03459,3.55308644444444,324390.3,18.35,1000056,290287,149388
140,"Oromia","East Shewa",2009,3,"2009-03",34.94062194,10053.51,550.7608,9502.751,"ETH","Ethiopia",1846816,8799.062,4.11481455555556,2424170,27.26,1000056,290287,149388
141,"Oromia","East Shewa",2009,10,"2009-10",73.3547754754545,10053.51,550.7608,9502.751,"ETH","Ethiopia",1877668,8946.053,3,2424170,27.26,1000056,290287,149388
142,"Oromia","East Shewa",2009,8,"2009-08",208.453159854545,10053.51,550.7608,9502.751,"ETH","Ethiopia",1868853,8904.055,3.31851844444444,2424170,27.26,1000056,290287,149388
143,"Oromia","Borena",2009,3,"2009-03",40.3795154338462,52613,671.0943,51941.91,"ETH","Ethiopia",1128362,21.72353,3.87160511111111,324390.3,18.35,1000056,290287,149388
144,"Oromia","Borena",2009,10,"2009-10",94.0407127976923,52613,671.0943,51941.91,"ETH","Ethiopia",1147212,22.08643,3.5,324390.3,18.35,1000056,290287,149388
145,"Oromia","Bale",2009,5,"2009-05",137.801913385882,55006.53,0.1850819,55006.35,"ETH","Ethiopia",1656124,30.10787,4.12345666666667,604793.4,19.5,1000056,290287,149388
146,"Oromia","East Shewa",2009,6,"2009-06",49.0674701336364,10053.51,550.7608,9502.751,"ETH","Ethiopia",1860038,8862.058,3.63703688888889,2424170,27.26,1000056,290287,149388
147,"Oromia","East Shewa",2009,11,"2009-11",6.58092624536364,10053.51,550.7608,9502.751,"ETH","Ethiopia",1882075,8967.051,3,2424170,27.26,1000056,290287,149388
148,"Oromia","East Shewa",2009,5,"2009-05",43.9052616245455,10053.51,550.7608,9502.751,"ETH","Ethiopia",1855631,8841.059,3.79629611111111,2424170,27.26,1000056,290287,149388
149,"Oromia","Bale",2009,4,"2009-04",129.774370762941,55006.53,0.1850819,55006.35,"ETH","Ethiopia",1652190,30.03636,4.148148,604793.4,19.5,1000056,290287,149388
150,"Oromia","Bale",2009,6,"2009-06",30.6897806029412,55006.53,0.1850819,55006.35,"ETH","Ethiopia",1660057,30.17938,4.09876533333333,604793.4,19.5,1000056,290287,149388
151,"Oromia","Borena",2009,1,"2009-01",38.0452145107692,52613,671.0943,51941.91,"ETH","Ethiopia",1122976,21.61985,3.977778,324390.3,18.35,1000056,290287,149388
152,"Oromia","Borena",2009,2,"2009-02",11.4529219408462,52613,671.0943,51941.91,"ETH","Ethiopia",1125669,21.67169,3.92469155555556,324390.3,18.35,1000056,290287,149388
153,"Oromia","Bale",2009,10,"2009-10",135.050745976471,55006.53,0.1850819,55006.35,"ETH","Ethiopia",1675791,30.46542,4,604793.4,19.5,1000056,290287,149388
154,"Oromia","Bale",2009,8,"2009-08",73.4704616988235,55006.53,0.1850819,55006.35,"ETH","Ethiopia",1667924,30.3224,4.04938266666667,604793.4,19.5,1000056,290287,149388
155,"Oromia","Borena",2009,6,"2009-06",16.6261156618462,52613,671.0943,51941.91,"ETH","Ethiopia",1136440,21.87906,3.71234577777778,324390.3,18.35,1000056,290287,149388
156,"Oromia","East Shewa",2009,4,"2009-04",44.8313255981818,10053.51,550.7608,9502.751,"ETH","Ethiopia",1851223,8820.061,3.95555533333333,2424170,27.26,1000056,290287,149388
157,"Oromia","East Shewa",2012,2,"2012-02",6.445473102,10053.51,550.7608,9502.751,"ETH","Ethiopia",2012251,9587.269,4.99506133333333,2123350,23.9,1115957,737842,674990
158,"Oromia","Bale",2012,9,"2012-09",112.619321248235,55006.53,0.1850819,55006.35,"ETH","Ethiopia",1826233,33.20041,4.17543211111111,487554.6,18.19,1115957,737842,674990
159,"Oromia","East Shewa",2012,4,"2012-04",106.20412125,10053.51,550.7608,9502.751,"ETH","Ethiopia",2021960,9633.526,5.096296,2123350,23.9,1115957,737842,674990
160,"Oromia","East Shewa",2012,5,"2012-05",42.9775101809091,10053.51,550.7608,9502.751,"ETH","Ethiopia",2026814,9656.655,5.14691333333333,2123350,23.9,1115957,737842,674990
161,"Oromia","Borena",2012,12,"2012-12",30.4181085847692,52613,671.0943,51941.91,"ETH","Ethiopia",1259099,24.24052,6.5,177698.4,18.31,1115957,737842,674990
162,"Oromia","Bale",2012,12,"2012-12",9.23478905735294,55006.53,0.1850819,55006.35,"ETH","Ethiopia",1839231,33.4367,4.28,487554.6,18.19,1115957,737842,674990
163,"Oromia","Borena",2012,11,"2012-11",78.5249935330769,52613,671.0943,51941.91,"ETH","Ethiopia",1256133,24.18342,6,177698.4,18.31,1115957,737842,674990
164,"Oromia","East Shewa",2012,7,"2012-07",301.292176945455,10053.51,550.7608,9502.751,"ETH","Ethiopia",2036523,9702.913,5.248148,2123350,23.9,1115957,737842,674990
165,"Oromia","Borena",2012,7,"2012-07",26.9872966161538,52613,671.0943,51941.91,"ETH","Ethiopia",1244269,23.95501,5.62962966666667,177698.4,18.31,1115957,737842,674990
166,"Oromia","Borena",2012,8,"2012-08",39.9434048323077,52613,671.0943,51941.91,"ETH","Ethiopia",1247235,24.01211,5.58641977777778,177698.4,18.31,1115957,737842,674990
167,"Oromia","East Shewa",2012,10,"2012-10",9.28434010372727,10053.51,550.7608,9502.751,"ETH","Ethiopia",2051086,9772.299,5.4,2123350,23.9,1115957,737842,674990
168,"Oromia","East Shewa",2012,6,"2012-06",84.8837886136364,10053.51,550.7608,9502.751,"ETH","Ethiopia",2031669,9679.784,5.19753066666667,2123350,23.9,1115957,737842,674990
169,"Oromia","Borena",2012,1,"2012-01",16.5562803207692,52613,671.0943,51941.91,"ETH","Ethiopia",1226473,23.6124,5.888889,177698.4,18.31,1115957,737842,674990
170,"Oromia","East Shewa",2012,1,"2012-01",14.8854149590909,10053.51,550.7608,9502.751,"ETH","Ethiopia",2007396,9564.14,4.944444,2123350,23.9,1115957,737842,674990
171,"Oromia","Bale",2012,11,"2012-11",46.3386874793529,55006.53,0.1850819,55006.35,"ETH","Ethiopia",1834898,33.35794,4,487554.6,18.19,1115957,737842,674990
172,"Oromia","Bale",2012,10,"2012-10",102.734827719412,55006.53,0.1850819,55006.35,"ETH","Ethiopia",1830566,33.27917,3.93,487554.6,18.19,1115957,737842,674990
173,"Oromia","East Shewa",2012,12,"2012-12",6.21869190063636,10053.51,550.7608,9502.751,"ETH","Ethiopia",2060795,9818.557,4.5,2123350,23.9,1115957,737842,674990
174,"Oromia","Bale",2012,7,"2012-07",52.5200287782353,55006.53,0.1850819,55006.35,"ETH","Ethiopia",1817568,33.04288,4.66629633333333,487554.6,18.19,1115957,737842,674990
175,"Oromia","East Shewa",2012,9,"2012-09",120.373272354545,10053.51,550.7608,9502.751,"ETH","Ethiopia",2046232,9749.17,5.34938266666667,2123350,23.9,1115957,737842,674990
176,"Oromia","Borena",2012,5,"2012-05",110.054179519231,52613,671.0943,51941.91,"ETH","Ethiopia",1238337,23.84081,5.71604944444444,177698.4,18.31,1115957,737842,674990
177,"Oromia","Borena",2012,6,"2012-06",22.806837137,52613,671.0943,51941.91,"ETH","Ethiopia",1241303,23.89791,5.67283955555556,177698.4,18.31,1115957,737842,674990
178,"Oromia","East Shewa",2012,3,"2012-03",69.0159795409091,10053.51,550.7608,9502.751,"ETH","Ethiopia",2017105,9610.398,5.04567866666667,2123350,23.9,1115957,737842,674990
179,"Oromia","East Shewa",2012,11,"2012-11",5.28020059109091,10053.51,550.7608,9502.751,"ETH","Ethiopia",2055941,9795.428,4.6,2123350,23.9,1115957,737842,674990
180,"Oromia","Bale",2012,8,"2012-08",104.463155118824,55006.53,0.1850819,55006.35,"ETH","Ethiopia",1821901,33.12164,4.42086422222222,487554.6,18.19,1115957,737842,674990
181,"Oromia","Bale",2012,5,"2012-05",125.890204784706,55006.53,0.1850819,55006.35,"ETH","Ethiopia",1808903,32.88535,5.15716055555556,487554.6,18.19,1115957,737842,674990
182,"Oromia","East Shewa",2012,8,"2012-08",256.490697890909,10053.51,550.7608,9502.751,"ETH","Ethiopia",2041377,9726.042,5.29876533333333,2123350,23.9,1115957,737842,674990
183,"Oromia","Bale",2012,3,"2012-03",41.0666167805882,55006.53,0.1850819,55006.35,"ETH","Ethiopia",1800238,32.72782,5.64802477777778,487554.6,18.19,1115957,737842,674990
184,"Oromia","Bale",2012,1,"2012-01",12.9388801976471,55006.53,0.1850819,55006.35,"ETH","Ethiopia",1791573,32.57029,6.138889,487554.6,18.19,1115957,737842,674990
185,"Oromia","Borena",2012,4,"2012-04",160.046144713077,52613,671.0943,51941.91,"ETH","Ethiopia",1235371,23.78371,5.75925933333333,177698.4,18.31,1115957,737842,674990
186,"Oromia","Borena",2012,10,"2012-10",128.731639289231,52613,671.0943,51941.91,"ETH","Ethiopia",1253167,24.12632,5.5,177698.4,18.31,1115957,737842,674990
187,"Oromia","Borena",2012,2,"2012-02",10.2506422170769,52613,671.0943,51941.91,"ETH","Ethiopia",1229439,23.6695,5.84567911111111,177698.4,18.31,1115957,737842,674990
188,"Oromia","Borena",2012,9,"2012-09",67.3048718123077,52613,671.0943,51941.91,"ETH","Ethiopia",1250201,24.06921,5.54320988888889,177698.4,18.31,1115957,737842,674990
189,"Oromia","Bale",2012,6,"2012-06",32.4842415133529,55006.53,0.1850819,55006.35,"ETH","Ethiopia",1813235,32.96412,4.91172844444444,487554.6,18.19,1115957,737842,674990
190,"Oromia","Borena",2012,3,"2012-03",60.2680059161538,52613,671.0943,51941.91,"ETH","Ethiopia",1232405,23.7266,5.80246922222222,177698.4,18.31,1115957,737842,674990
191,"Oromia","Bale",2012,2,"2012-02",9.56036269552941,55006.53,0.1850819,55006.35,"ETH","Ethiopia",1795905,32.64906,5.89345688888889,487554.6,18.19,1115957,737842,674990
192,"Oromia","Bale",2012,4,"2012-04",189.354841470588,55006.53,0.1850819,55006.35,"ETH","Ethiopia",1804570,32.80659,5.40259266666667,487554.6,18.19,1115957,737842,674990
193,"Southern Nations, Nationalities, and People's Region","Wolayita",2008,9,"2008-09",196.491073225,4488.779,5.804249,4482.975,"ETH","Ethiopia",1729774,385.854,3.2,380729.9,19.21,280446,136428,124676
194,"Southern Nations, Nationalities, and People's Region","Wolayita",2008,11,"2008-11",94.2408042158333,4488.779,5.804249,4482.975,"ETH","Ethiopia",1737851,387.6558,2.7,380729.9,19.21,280446,136428,124676
195,"Southern Nations, Nationalities, and People's Region","Sidama",2008,9,"2008-09",206.264539165,6655.684,13.08906,6642.595,"ETH","Ethiopia",3702368,2126.158,3.615873,732541.1,20.97,280446,136428,124676
196,"Southern Nations, Nationalities, and People's Region","Wolayita",2008,2,"2008-02",14.6166141316667,4488.779,5.804249,4482.975,"ETH","Ethiopia",1701503,379.5478,4.6,380729.9,19.21,280446,136428,124676
197,"Southern Nations, Nationalities, and People's Region","Wolayita",2008,3,"2008-03",42.5820799008333,4488.779,5.804249,4482.975,"ETH","Ethiopia",1705542,380.4487,4.4,380729.9,19.21,280446,136428,124676
198,"Southern Nations, Nationalities, and People's Region","Wolayita",2008,8,"2008-08",154.842218675,4488.779,5.804249,4482.975,"ETH","Ethiopia",1725735,384.9531,3.4,380729.9,19.21,280446,136428,124676
199,"Southern Nations, Nationalities, and People's Region","Sidama",2008,5,"2008-05",208.661735825,6655.684,13.08906,6642.595,"ETH","Ethiopia",3667791,2106.301,4.079365,732541.1,20.97,280446,136428,124676
200,"Southern Nations, Nationalities, and People's Region","Gamo Gofa",2008,12,"2008-12",10.1985099831333,12192.71,635.3314,11557.38,"ETH","Ethiopia",1848638,159.953,2.4,235493,12.29,280446,136428,124676
201,"Southern Nations, Nationalities, and People's Region","Gamo Gofa",2008,8,"2008-08",117.894935186667,12192.71,635.3314,11557.38,"ETH","Ethiopia",1831494,158.4696,3.30370377777778,235493,12.29,280446,136428,124676
202,"Southern Nations, Nationalities, and People's Region","Wolayita",2008,1,"2008-01",20.7376364175,4488.779,5.804249,4482.975,"ETH","Ethiopia",1697465,378.6469,4.8,380729.9,19.21,280446,136428,124676
203,"Southern Nations, Nationalities, and People's Region","Wolayita",2008,10,"2008-10",157.601462733333,4488.779,5.804249,4482.975,"ETH","Ethiopia",1733812,386.7549,3,380729.9,19.21,280446,136428,124676
204,"Southern Nations, Nationalities, and People's Region","Sidama",2008,1,"2008-01",25.582349712,6655.684,13.08906,6642.595,"ETH","Ethiopia",3633215,2086.445,4.542857,732541.1,20.97,280446,136428,124676
205,"Southern Nations, Nationalities, and People's Region","Wolayita",2008,12,"2008-12",8.990613078,4488.779,5.804249,4482.975,"ETH","Ethiopia",1741890,388.5566,3,380729.9,19.21,280446,136428,124676
206,"Southern Nations, Nationalities, and People's Region","Sidama",2008,8,"2008-08",145.232171795,6655.684,13.08906,6642.595,"ETH","Ethiopia",3693724,2121.194,3.731746,732541.1,20.97,280446,136428,124676
207,"Southern Nations, Nationalities, and People's Region","Sidama",2008,7,"2008-07",128.927185891,6655.684,13.08906,6642.595,"ETH","Ethiopia",3685080,2116.23,3.847619,732541.1,20.97,280446,136428,124676
208,"Southern Nations, Nationalities, and People's Region","Wolayita",2008,4,"2008-04",152.641589441667,4488.779,5.804249,4482.975,"ETH","Ethiopia",1709581,381.3496,4.2,380729.9,19.21,280446,136428,124676
209,"Southern Nations, Nationalities, and People's Region","Gamo Gofa",2008,2,"2008-02",16.9892546473333,12192.71,635.3314,11557.38,"ETH","Ethiopia",1805777,156.2445,4.21481511111111,235493,12.29,280446,136428,124676
210,"Southern Nations, Nationalities, and People's Region","Sidama",2008,2,"2008-02",22.57697188305,6655.684,13.08906,6642.595,"ETH","Ethiopia",3641859,2091.409,4.426984,732541.1,20.97,280446,136428,124676
211,"Southern Nations, Nationalities, and People's Region","Wolayita",2008,6,"2008-06",168.354594316667,4488.779,5.804249,4482.975,"ETH","Ethiopia",1717658,383.1513,3.8,380729.9,19.21,280446,136428,124676
212,"Southern Nations, Nationalities, and People's Region","Gedeo",2008,11,"2008-11",122.990213466667,1354.589,0,1354.589,"ETH","Ethiopia",981081.2,724.2648,3.5,149212.8,22.29,280446,136428,124676
213,"Southern Nations, Nationalities, and People's Region","Gedeo",2008,7,"2008-07",88.5982928433333,1354.589,0,1354.589,"ETH","Ethiopia",971961.5,717.5324,4.07777766666667,149212.8,22.29,280446,136428,124676
214,"Southern Nations, Nationalities, and People's Region","Gedeo",2008,3,"2008-03",71.4229210566667,1354.589,0,1354.589,"ETH","Ethiopia",962841.8,710.8,4.18148122222222,149212.8,22.29,280446,136428,124676
215,"Southern Nations, Nationalities, and People's Region","Gedeo",2008,9,"2008-09",200.92757225,1354.589,0,1354.589,"ETH","Ethiopia",976521.3,720.8986,4.02592588888889,149212.8,22.29,280446,136428,124676
216,"Southern Nations, Nationalities, and People's Region","Gedeo",2008,8,"2008-08",94.3811547566667,1354.589,0,1354.589,"ETH","Ethiopia",974241.4,719.2155,4.05185177777778,149212.8,22.29,280446,136428,124676
217,"Southern Nations, Nationalities, and People's Region","Wolayita",2008,7,"2008-07",160.301911491667,4488.779,5.804249,4482.975,"ETH","Ethiopia",1721697,384.0522,3.6,380729.9,19.21,280446,136428,124676
218,"Southern Nations, Nationalities, and People's Region","Gedeo",2008,10,"2008-10",221.63379315,1354.589,0,1354.589,"ETH","Ethiopia",978801.2,722.5817,4,149212.8,22.29,280446,136428,124676
219,"Southern Nations, Nationalities, and People's Region","Gamo Gofa",2008,5,"2008-05",137.16731352,12192.71,635.3314,11557.38,"ETH","Ethiopia",1818635,157.3571,3.75925944444444,235493,12.29,280446,136428,124676
220,"Southern Nations, Nationalities, and People's Region","Gamo Gofa",2008,7,"2008-07",109.854601004667,12192.71,635.3314,11557.38,"ETH","Ethiopia",1827208,158.0988,3.45555566666667,235493,12.29,280446,136428,124676
221,"Southern Nations, Nationalities, and People's Region","Gamo Gofa",2008,6,"2008-06",146.587852953333,12192.71,635.3314,11557.38,"ETH","Ethiopia",1822921,157.7279,3.60740755555556,235493,12.29,280446,136428,124676
222,"Southern Nations, Nationalities, and People's Region","Gamo Gofa",2008,10,"2008-10",182.4816756,12192.71,635.3314,11557.38,"ETH","Ethiopia",1840066,159.2113,3,235493,12.29,280446,136428,124676
223,"Southern Nations, Nationalities, and People's Region","Gedeo",2008,1,"2008-01",13.6372087506667,1354.589,0,1354.589,"ETH","Ethiopia",958282,707.4337,4.233333,149212.8,22.29,280446,136428,124676
224,"Southern Nations, Nationalities, and People's Region","Gamo Gofa",2008,4,"2008-04",195.100725753333,12192.71,635.3314,11557.38,"ETH","Ethiopia",1814349,156.9862,3.91111133333333,235493,12.29,280446,136428,124676
225,"Southern Nations, Nationalities, and People's Region","Gedeo",2008,6,"2008-06",121.061950243333,1354.589,0,1354.589,"ETH","Ethiopia",969681.6,715.8493,4.10370355555556,149212.8,22.29,280446,136428,124676
226,"Southern Nations, Nationalities, and People's Region","Gedeo",2008,12,"2008-12",12.081398633,1354.589,0,1354.589,"ETH","Ethiopia",983361.1,725.9479,3.7,149212.8,22.29,280446,136428,124676
227,"Southern Nations, Nationalities, and People's Region","Gedeo",2008,4,"2008-04",214.825673433333,1354.589,0,1354.589,"ETH","Ethiopia",965121.8,712.4831,4.15555533333333,149212.8,22.29,280446,136428,124676
228,"Southern Nations, Nationalities, and People's Region","Gedeo",2008,2,"2008-02",18.78610106,1354.589,0,1354.589,"ETH","Ethiopia",960561.9,709.1168,4.20740711111111,149212.8,22.29,280446,136428,124676
229,"Southern Nations, Nationalities, and People's Region","Sidama",2008,11,"2008-11",115.696372765,6655.684,13.08906,6642.595,"ETH","Ethiopia",3719656,2136.086,3,732541.1,20.97,280446,136428,124676
230,"Southern Nations, Nationalities, and People's Region","Sidama",2008,10,"2008-10",200.933453095,6655.684,13.08906,6642.595,"ETH","Ethiopia",3711012,2131.122,3.5,732541.1,20.97,280446,136428,124676
231,"Southern Nations, Nationalities, and People's Region","Gedeo",2008,5,"2008-05",172.3071517,1354.589,0,1354.589,"ETH","Ethiopia",967401.7,714.1662,4.12962944444444,149212.8,22.29,280446,136428,124676
232,"Southern Nations, Nationalities, and People's Region","Wolayita",2008,5,"2008-05",148.463281216667,4488.779,5.804249,4482.975,"ETH","Ethiopia",1713619,382.2505,4,380729.9,19.21,280446,136428,124676
233,"Southern Nations, Nationalities, and People's Region","Gamo Gofa",2008,11,"2008-11",114.832998831333,12192.71,635.3314,11557.38,"ETH","Ethiopia",1844352,159.5822,2.6,235493,12.29,280446,136428,124676
234,"Southern Nations, Nationalities, and People's Region","Sidama",2008,4,"2008-04",178.244946115,6655.684,13.08906,6642.595,"ETH","Ethiopia",3659147,2101.337,4.195238,732541.1,20.97,280446,136428,124676
235,"Southern Nations, Nationalities, and People's Region","Gamo Gofa",2008,9,"2008-09",211.443533046667,12192.71,635.3314,11557.38,"ETH","Ethiopia",1835780,158.8405,3.15185188888889,235493,12.29,280446,136428,124676
236,"Southern Nations, Nationalities, and People's Region","Sidama",2008,3,"2008-03",54.1124745485,6655.684,13.08906,6642.595,"ETH","Ethiopia",3650503,2096.373,4.311111,732541.1,20.97,280446,136428,124676
237,"Southern Nations, Nationalities, and People's Region","Gamo Gofa",2008,1,"2008-01",17.9762840701333,12192.71,635.3314,11557.38,"ETH","Ethiopia",1801491,155.8737,4.366667,235493,12.29,280446,136428,124676
238,"Southern Nations, Nationalities, and People's Region","Sidama",2008,6,"2008-06",159.75015949,6655.684,13.08906,6642.595,"ETH","Ethiopia",3676435,2111.266,3.963492,732541.1,20.97,280446,136428,124676
239,"Southern Nations, Nationalities, and People's Region","Sidama",2008,12,"2008-12",19.6972214001,6655.684,13.08906,6642.595,"ETH","Ethiopia",3728300,2141.05,3.7,732541.1,20.97,280446,136428,124676
240,"Southern Nations, Nationalities, and People's Region","Gamo Gofa",2008,3,"2008-03",63.069129322,12192.71,635.3314,11557.38,"ETH","Ethiopia",1810063,156.6154,4.06296322222222,235493,12.29,280446,136428,124676
241,"Southern Nations, Nationalities, and People's Region","Sidama",2009,12,"2009-12",86.855077892,6655.684,13.08906,6642.595,"ETH","Ethiopia",3832030,2200.619,3,1036097,22.05,278928,136507,139388
242,"Southern Nations, Nationalities, and People's Region","Sidama",2009,9,"2009-09",147.81664887,6655.684,13.08906,6642.595,"ETH","Ethiopia",3806097,2185.726,3.87395066666667,1036097,22.05,278928,136507,139388
243,"Southern Nations, Nationalities, and People's Region","Sidama",2009,11,"2009-11",33.2434665975,6655.684,13.08906,6642.595,"ETH","Ethiopia",3823386,2195.655,3,1036097,22.05,278928,136507,139388
244,"Southern Nations, Nationalities, and People's Region","Gamo Gofa",2009,6,"2009-06",60.9248073253333,12192.71,635.3314,11557.38,"ETH","Ethiopia",1874354,162.1781,3.451852,361932.9,13.33,278928,136507,139388
245,"Southern Nations, Nationalities, and People's Region","Sidama",2009,4,"2009-04",161.795543662,6655.684,13.08906,6642.595,"ETH","Ethiopia",3762877,2160.906,3.843704,1036097,22.05,278928,136507,139388
246,"Southern Nations, Nationalities, and People's Region","Gedeo",2009,11,"2009-11",35.8593923483333,1354.589,0,1354.589,"ETH","Ethiopia",1008440,744.4621,3.75,58399,17.45,278928,136507,139388
247,"Southern Nations, Nationalities, and People's Region","Gedeo",2009,5,"2009-05",209.9858285,1354.589,0,1354.589,"ETH","Ethiopia",994760.7,734.3634,3.89148166666667,58399,17.45,278928,136507,139388
248,"Southern Nations, Nationalities, and People's Region","Gedeo",2009,12,"2009-12",65.8163653633333,1354.589,0,1354.589,"ETH","Ethiopia",1010720,746.1452,4,58399,17.45,278928,136507,139388
249,"Southern Nations, Nationalities, and People's Region","Gedeo",2009,7,"2009-07",53.38109124,1354.589,0,1354.589,"ETH","Ethiopia",999320.5,737.7297,3.918889,58399,17.45,278928,136507,139388
250,"Southern Nations, Nationalities, and People's Region","Sidama",2009,3,"2009-03",85.1420435405,6655.684,13.08906,6642.595,"ETH","Ethiopia",3754233,2155.942,3.83765466666667,1036097,22.05,278928,136507,139388
251,"Southern Nations, Nationalities, and People's Region","Gedeo",2009,3,"2009-03",58.57448126,1354.589,0,1354.589,"ETH","Ethiopia",990200.8,730.9972,3.86407433333333,58399,17.45,278928,136507,139388
252,"Southern Nations, Nationalities, and People's Region","Gamo Gofa",2009,8,"2009-08",100.054407554667,12192.71,635.3314,11557.38,"ETH","Ethiopia",1882927,162.9198,3.425926,361932.9,13.33,278928,136507,139388
253,"Southern Nations, Nationalities, and People's Region","Gedeo",2009,10,"2009-10",154.9703026,1354.589,0,1354.589,"ETH","Ethiopia",1006160,742.779,3.96,58399,17.45,278928,136507,139388
254,"Southern Nations, Nationalities, and People's Region","Gedeo",2009,4,"2009-04",216.407944983333,1354.589,0,1354.589,"ETH","Ethiopia",992480.8,732.6803,3.877778,58399,17.45,278928,136507,139388
255,"Southern Nations, Nationalities, and People's Region","Gamo Gofa",2009,11,"2009-11",43.483119224,12192.71,635.3314,11557.38,"ETH","Ethiopia",1895785,164.0324,3,361932.9,13.33,278928,136507,139388
256,"Southern Nations, Nationalities, and People's Region","Sidama",2009,8,"2009-08",131.3643070945,6655.684,13.08906,6642.595,"ETH","Ethiopia",3797453,2180.762,3.86790133333333,1036097,22.05,278928,136507,139388
257,"Southern Nations, Nationalities, and People's Region","Sidama",2009,1,"2009-01",61.591252961,6655.684,13.08906,6642.595,"ETH","Ethiopia",3736944,2146.014,3.825556,1036097,22.05,278928,136507,139388
258,"Southern Nations, Nationalities, and People's Region","Gamo Gofa",2009,5,"2009-05",153.079384133333,12192.71,635.3314,11557.38,"ETH","Ethiopia",1870068,161.8073,3.464815,361932.9,13.33,278928,136507,139388
259,"Southern Nations, Nationalities, and People's Region","Sidama",2009,7,"2009-07",83.2481094165,6655.684,13.08906,6642.595,"ETH","Ethiopia",3788809,2175.798,3.861852,1036097,22.05,278928,136507,139388
260,"Southern Nations, Nationalities, and People's Region","Sidama",2009,10,"2009-10",167.099397675,6655.684,13.08906,6642.595,"ETH","Ethiopia",3814742,2190.691,3.88,1036097,22.05,278928,136507,139388
261,"Southern Nations, Nationalities, and People's Region","Gamo Gofa",2009,10,"2009-10",190.43755256,12192.71,635.3314,11557.38,"ETH","Ethiopia",1891499,163.6615,3.4,361932.9,13.33,278928,136507,139388
262,"Southern Nations, Nationalities, and People's Region","Gamo Gofa",2009,4,"2009-04",171.09145614,12192.71,635.3314,11557.38,"ETH","Ethiopia",1865782,161.4364,3.477778,361932.9,13.33,278928,136507,139388
263,"Southern Nations, Nationalities, and People's Region","Gamo Gofa",2009,3,"2009-03",82.005269414,12192.71,635.3314,11557.38,"ETH","Ethiopia",1861496,161.0656,3.490741,361932.9,13.33,278928,136507,139388
264,"Southern Nations, Nationalities, and People's Region","Gamo Gofa",2009,1,"2009-01",49.481656146,12192.71,635.3314,11557.38,"ETH","Ethiopia",1852924,160.3239,3.516667,361932.9,13.33,278928,136507,139388
265,"Southern Nations, Nationalities, and People's Region","Gedeo",2009,8,"2009-08",86.0949049166667,1354.589,0,1354.589,"ETH","Ethiopia",1001600,739.4128,3.93259266666667,58399,17.45,278928,136507,139388
266,"Southern Nations, Nationalities, and People's Region","Sidama",2009,2,"2009-02",33.849714244,6655.684,13.08906,6642.595,"ETH","Ethiopia",3745589,2150.978,3.83160533333333,1036097,22.05,278928,136507,139388
267,"Southern Nations, Nationalities, and People's Region","Sidama",2009,5,"2009-05",181.890265235,6655.684,13.08906,6642.595,"ETH","Ethiopia",3771521,2165.87,3.84975333333333,1036097,22.05,278928,136507,139388
268,"Southern Nations, Nationalities, and People's Region","Gedeo",2009,9,"2009-09",124.843421583333,1354.589,0,1354.589,"ETH","Ethiopia",1003880,741.0959,3.94629633333333,58399,17.45,278928,136507,139388
269,"Southern Nations, Nationalities, and People's Region","Gedeo",2009,1,"2009-01",55.2553086683333,1354.589,0,1354.589,"ETH","Ethiopia",985641,727.631,3.836667,58399,17.45,278928,136507,139388
270,"Southern Nations, Nationalities, and People's Region","Gamo Gofa",2009,12,"2009-12",113.974421690667,12192.71,635.3314,11557.38,"ETH","Ethiopia",1900071,164.4032,3.35,361932.9,13.33,278928,136507,139388
271,"Southern Nations, Nationalities, and People's Region","Gamo Gofa",2009,2,"2009-02",28.7475778246667,12192.71,635.3314,11557.38,"ETH","Ethiopia",1857210,160.6947,3.503704,361932.9,13.33,278928,136507,139388
272,"Southern Nations, Nationalities, and People's Region","Gamo Gofa",2009,9,"2009-09",109.906364986,12192.71,635.3314,11557.38,"ETH","Ethiopia",1887213,163.2907,3.412963,361932.9,13.33,278928,136507,139388
273,"Southern Nations, Nationalities, and People's Region","Sidama",2009,6,"2009-06",78.9250230545,6655.684,13.08906,6642.595,"ETH","Ethiopia",3780165,2170.834,3.85580266666667,1036097,22.05,278928,136507,139388
274,"Southern Nations, Nationalities, and People's Region","Gamo Gofa",2009,7,"2009-07",51.4206401653333,12192.71,635.3314,11557.38,"ETH","Ethiopia",1878640,162.549,3.438889,361932.9,13.33,278928,136507,139388
275,"Southern Nations, Nationalities, and People's Region","Gedeo",2009,2,"2009-02",19.2145588783333,1354.589,0,1354.589,"ETH","Ethiopia",987920.9,729.3141,3.85037066666667,58399,17.45,278928,136507,139388
276,"Southern Nations, Nationalities, and People's Region","Gedeo",2009,6,"2009-06",68.475407915,1354.589,0,1354.589,"ETH","Ethiopia",997040.6,736.0466,3.90518533333333,58399,17.45,278928,136507,139388
277,"Southern Nations, Nationalities, and People's Region","Wolayita",2010,4,"2010-04",194.857242766667,4488.779,5.804249,4482.975,"ETH","Ethiopia",1807636,403.2224,2.53740733333333,378230.8,18.19,237355,128650,144819
278,"Southern Nations, Nationalities, and People's Region","Wolayita",2010,10,"2010-10",93.3717624558333,4488.779,5.804249,4482.975,"ETH","Ethiopia",1834124,409.1311,1.9,378230.8,18.19,237355,128650,144819
279,"Southern Nations, Nationalities, and People's Region","Wolayita",2010,3,"2010-03",162.046209883333,4488.779,5.804249,4482.975,"ETH","Ethiopia",1803221,402.2376,2.64364188888889,378230.8,18.19,237355,128650,144819
280,"Southern Nations, Nationalities, and People's Region","Wolayita",2010,5,"2010-05",219.143745366667,4488.779,5.804249,4482.975,"ETH","Ethiopia",1812051,404.2072,2.43117277777778,378230.8,18.19,237355,128650,144819
281,"Southern Nations, Nationalities, and People's Region","Wolayita",2010,2,"2010-02",68.5314063116667,4488.779,5.804249,4482.975,"ETH","Ethiopia",1798807,401.2529,2.74987644444444,378230.8,18.19,237355,128650,144819
282,"Southern Nations, Nationalities, and People's Region","Wolayita",2010,7,"2010-07",132.789199958333,4488.779,5.804249,4482.975,"ETH","Ethiopia",1820880,406.1767,2.21870366666667,378230.8,18.19,237355,128650,144819
283,"Southern Nations, Nationalities, and People's Region","Wolayita",2010,12,"2010-12",14.4910403079167,4488.779,5.804249,4482.975,"ETH","Ethiopia",1842954,411.1006,2.34,378230.8,18.19,237355,128650,144819
284,"Southern Nations, Nationalities, and People's Region","Wolayita",2010,6,"2010-06",171.637383158333,4488.779,5.804249,4482.975,"ETH","Ethiopia",1816466,405.192,2.32493822222222,378230.8,18.19,237355,128650,144819
285,"Southern Nations, Nationalities, and People's Region","Wolayita",2010,11,"2010-11",43.7010473958333,4488.779,5.804249,4482.975,"ETH","Ethiopia",1838539,410.1158,2.3,378230.8,18.19,237355,128650,144819
286,"Southern Nations, Nationalities, and People's Region","Wolayita",2010,8,"2010-08",117.95951325,4488.779,5.804249,4482.975,"ETH","Ethiopia",1825295,407.1615,2.11246911111111,378230.8,18.19,237355,128650,144819
287,"Southern Nations, Nationalities, and People's Region","Wolayita",2010,9,"2010-09",144.622704783333,4488.779,5.804249,4482.975,"ETH","Ethiopia",1829710,408.1463,2.00623455555556,378230.8,18.19,237355,128650,144819
288,"Southern Nations, Nationalities, and People's Region","Wolayita",2010,1,"2010-01",40.3720703875,4488.779,5.804249,4482.975,"ETH","Ethiopia",1794392,400.2681,2.856111,378230.8,18.19,237355,128650,144819
289,"Southern Nations, Nationalities, and People's Region","Sidama",2012,6,"2012-06",127.049544382,6655.684,13.08906,6642.595,"ETH","Ethiopia",4114701,2362.948,5.37037016666667,537228.8,27.53,305205,165005,160562
290,"Southern Nations, Nationalities, and People's Region","Sidama",2012,4,"2012-04",193.40446458,6655.684,13.08906,6642.595,"ETH","Ethiopia",4095803,2352.095,5.2936505,537228.8,27.53,305205,165005,160562
291,"Southern Nations, Nationalities, and People's Region","Sidama",2012,5,"2012-05",175.178580684,6655.684,13.08906,6642.595,"ETH","Ethiopia",4105252,2357.521,5.33201033333333,537228.8,27.53,305205,165005,160562
292,"Southern Nations, Nationalities, and People's Region","Sidama",2012,8,"2012-08",149.140674491,6655.684,13.08906,6642.595,"ETH","Ethiopia",4133600,2373.801,5.44708983333333,537228.8,27.53,305205,165005,160562
293,"Southern Nations, Nationalities, and People's Region","Sidama",2012,3,"2012-03",107.777409117,6655.684,13.08906,6642.595,"ETH","Ethiopia",4086354,2346.669,5.25529066666667,537228.8,27.53,305205,165005,160562
294,"Southern Nations, Nationalities, and People's Region","Sidama",2012,1,"2012-01",30.1263319805,6655.684,13.08906,6642.595,"ETH","Ethiopia",4067455,2335.816,5.178571,537228.8,27.53,305205,165005,160562
295,"Southern Nations, Nationalities, and People's Region","Wolayita",2012,6,"2012-06",189.061278436667,4488.779,5.804249,4482.975,"ETH","Ethiopia",1922419,428.8265,4.6166665,52239.39,17.09,305205,165005,160562
296,"Southern Nations, Nationalities, and People's Region","Wolayita",2012,9,"2012-09",183.7839495,4488.779,5.804249,4482.975,"ETH","Ethiopia",1935663,431.7808,4.1266666,52239.39,17.09,305205,165005,160562
297,"Southern Nations, Nationalities, and People's Region","Wolayita",2012,5,"2012-05",145.8051663,4488.779,5.804249,4482.975,"ETH","Ethiopia",1918004,427.8418,4.7799998,52239.39,17.09,305205,165005,160562
298,"Southern Nations, Nationalities, and People's Region","Wolayita",2012,10,"2012-10",37.9710715175,4488.779,5.804249,4482.975,"ETH","Ethiopia",1940078,432.7656,3.9633333,52239.39,17.09,305205,165005,160562
299,"Southern Nations, Nationalities, and People's Region","Sidama",2012,11,"2012-11",85.44087036,6655.684,13.08906,6642.595,"ETH","Ethiopia",4161947,2390.08,5.56216933333333,537228.8,27.53,305205,165005,160562
300,"Southern Nations, Nationalities, and People's Region","Sidama",2012,7,"2012-07",102.878795216,6655.684,13.08906,6642.595,"ETH","Ethiopia",4124150,2368.374,5.40873,537228.8,27.53,305205,165005,160562
301,"Southern Nations, Nationalities, and People's Region","Sidama",2012,12,"2012-12",31.7329888885,6655.684,13.08906,6642.595,"ETH","Ethiopia",4171397,2395.506,5.60052916666667,537228.8,27.53,305205,165005,160562
302,"Southern Nations, Nationalities, and People's Region","Wolayita",2012,12,"2012-12",29.671228715,4488.779,5.804249,4482.975,"ETH","Ethiopia",1948907,434.7352,4.67,52239.39,17.09,305205,165005,160562
303,"Southern Nations, Nationalities, and People's Region","Wolayita",2012,8,"2012-08",144.415120983333,4488.779,5.804249,4482.975,"ETH","Ethiopia",1931248,430.7961,4.2899999,52239.39,17.09,305205,165005,160562
304,"Southern Nations, Nationalities, and People's Region","Gamo Gofa",2012,1,"2012-01",21.3575762193333,12192.71,635.3314,11557.38,"ETH","Ethiopia",2016804,174.5035,4.8375,771820.9,20.13,305205,165005,160562
305,"Southern Nations, Nationalities, and People's Region","Sidama",2012,2,"2012-02",9.786911564,6655.684,13.08906,6642.595,"ETH","Ethiopia",4076904,2341.242,5.21693083333333,537228.8,27.53,305205,165005,160562
306,"Southern Nations, Nationalities, and People's Region","Omo",2012,12,"2012-12",100.071681105,22751.3,167.5319,22583.77,"ETH","Ethiopia",744495.9,32.96598,4.05,420035.5,22.44,305205,165005,160562
307,"Southern Nations, Nationalities, and People's Region","Wolayita",2012,2,"2012-02",11.8627355896667,4488.779,5.804249,4482.975,"ETH","Ethiopia",1904760,424.8874,5.2699997,52239.39,17.09,305205,165005,160562
308,"Southern Nations, Nationalities, and People's Region","Wolayita",2012,7,"2012-07",161.148674733333,4488.779,5.804249,4482.975,"ETH","Ethiopia",1926834,429.8113,4.4533332,52239.39,17.09,305205,165005,160562
309,"Southern Nations, Nationalities, and People's Region","Wolayita",2012,3,"2012-03",75.7647238225,4488.779,5.804249,4482.975,"ETH","Ethiopia",1909175,425.8722,5.1066664,52239.39,17.09,305205,165005,160562
310,"Southern Nations, Nationalities, and People's Region","Wolayita",2012,11,"2012-11",75.3595936625,4488.779,5.804249,4482.975,"ETH","Ethiopia",1944492,433.7504,3.8,52239.39,17.09,305205,165005,160562
311,"Southern Nations, Nationalities, and People's Region","Wolayita",2012,4,"2012-04",192.193681608333,4488.779,5.804249,4482.975,"ETH","Ethiopia",1913589,426.857,4.9433331,52239.39,17.09,305205,165005,160562
312,"Southern Nations, Nationalities, and People's Region","Sidama",2012,9,"2012-09",205.242381625,6655.684,13.08906,6642.595,"ETH","Ethiopia",4143049,2379.227,5.48544966666667,537228.8,27.53,305205,165005,160562
313,"Southern Nations, Nationalities, and People's Region","Sidama",2012,10,"2012-10",98.3968372955,6655.684,13.08906,6642.595,"ETH","Ethiopia",4152498,2384.653,5.5238095,537228.8,27.53,305205,165005,160562
314,"Southern Nations, Nationalities, and People's Region","Wolayita",2012,1,"2012-01",17.5495878716667,4488.779,5.804249,4482.975,"ETH","Ethiopia",1900345,423.9027,5.433333,52239.39,17.09,305205,165005,160562
315,"Tigray","East Tigray",2008,12,"2008-12",4.78558357614286,6005.783,0.213622,6005.569,"ETH","Ethiopia",869453,144.7745,4.5,79475.04,15.01,64275,52705,8471
316,"Tigray","East Tigray",2008,11,"2008-11",17.8689662871429,6005.783,0.213622,6005.569,"ETH","Ethiopia",867703.6,144.4832,5.8,79475.04,15.01,64275,52705,8471
317,"Tigray","East Tigray",2008,6,"2008-06",25.468575844,6005.783,0.213622,6005.569,"ETH","Ethiopia",858956.7,143.0267,5.66617288888889,79475.04,15.01,64275,52705,8471
318,"Tigray","East Tigray",2008,2,"2008-02",2.28628836128571,6005.783,0.213622,6005.569,"ETH","Ethiopia",851959.2,141.8616,5.13234577777778,79475.04,15.01,64275,52705,8471
319,"Tigray","East Tigray",2008,9,"2008-09",35.8604062071429,6005.783,0.213622,6005.569,"ETH","Ethiopia",864204.9,143.9006,6.06654322222222,79475.04,15.01,64275,52705,8471
320,"Tigray","East Tigray",2008,10,"2008-10",15.8932547028571,6005.783,0.213622,6005.569,"ETH","Ethiopia",865954.2,144.1919,6.2,79475.04,15.01,64275,52705,8471
321,"Tigray","East Tigray",2008,3,"2008-03",3.21198575985714,6005.783,0.213622,6005.569,"ETH","Ethiopia",853708.6,142.1528,5.26580255555556,79475.04,15.01,64275,52705,8471
322,"Tigray","East Tigray",2008,4,"2008-04",18.5995525228571,6005.783,0.213622,6005.569,"ETH","Ethiopia",855457.9,142.4441,5.39925933333333,79475.04,15.01,64275,52705,8471
323,"Tigray","East Tigray",2008,1,"2008-01",21.3971229757143,6005.783,0.213622,6005.569,"ETH","Ethiopia",850209.8,141.5703,4.998889,79475.04,15.01,64275,52705,8471
324,"Tigray","East Tigray",2008,8,"2008-08",88.0448188042857,6005.783,0.213622,6005.569,"ETH","Ethiopia",862455.5,143.6093,5.93308644444445,79475.04,15.01,64275,52705,8471
325,"Tigray","East Tigray",2008,7,"2008-07",87.8481553857143,6005.783,0.213622,6005.569,"ETH","Ethiopia",860706.1,143.318,5.79962966666667,79475.04,15.01,64275,52705,8471
326,"Tigray","East Tigray",2008,5,"2008-05",43.7400015357143,6005.783,0.213622,6005.569,"ETH","Ethiopia",857207.3,142.7354,5.53271611111111,79475.04,15.01,64275,52705,8471
327,"Tigray","Central Tigray",2008,2,"2008-02",1.0485734858,10481.93,0,10481.93,"ETH","Ethiopia",1405177,134.0571,5.44296266666667,243984.7,13.99,64275,52705,8471
328,"Tigray","Central Tigray",2008,10,"2008-10",13.6835781611,10481.93,0,10481.93,"ETH","Ethiopia",1428260,136.2593,6.64,243984.7,13.99,64275,52705,8471
329,"Tigray","Central Tigray",2008,7,"2008-07",213.70705507,10481.93,0,10481.93,"ETH","Ethiopia",1419604,135.4335,6.191111,243984.7,13.99,64275,52705,8471
330,"Tigray","Central Tigray",2008,3,"2008-03",2.6978993291,10481.93,0,10481.93,"ETH","Ethiopia",1408063,134.3324,5.59259233333333,243984.7,13.99,64275,52705,8471
331,"Tigray","Central Tigray",2008,6,"2008-06",100.293942655,10481.93,0,10481.93,"ETH","Ethiopia",1416719,135.1582,6.04148133333333,243984.7,13.99,64275,52705,8471
332,"Tigray","Central Tigray",2008,12,"2008-12",4.1373109375,10481.93,0,10481.93,"ETH","Ethiopia",1434030,136.8098,6,243984.7,13.99,64275,52705,8471
333,"Tigray","Central Tigray",2008,8,"2008-08",201.93569874,10481.93,0,10481.93,"ETH","Ethiopia",1422489,135.7087,6.34074066666667,243984.7,13.99,64275,52705,8471
334,"Tigray","Central Tigray",2008,9,"2008-09",70.598324529,10481.93,0,10481.93,"ETH","Ethiopia",1425374,135.984,6.49037033333333,243984.7,13.99,64275,52705,8471
335,"Tigray","Central Tigray",2008,11,"2008-11",9.6394520167,10481.93,0,10481.93,"ETH","Ethiopia",1431145,136.5345,5.8,243984.7,13.99,64275,52705,8471
336,"Tigray","Central Tigray",2008,1,"2008-01",23.8529053824,10481.93,0,10481.93,"ETH","Ethiopia",1402292,133.7819,5.293333,243984.7,13.99,64275,52705,8471
337,"Tigray","Central Tigray",2008,4,"2008-04",34.015124623,10481.93,0,10481.93,"ETH","Ethiopia",1410948,134.6077,5.742222,243984.7,13.99,64275,52705,8471
338,"Tigray","Central Tigray",2008,5,"2008-05",53.631098114,10481.93,0,10481.93,"ETH","Ethiopia",1413833,134.8829,5.89185166666667,243984.7,13.99,64275,52705,8471
339,"Tigray","Central Tigray",2009,5,"2009-05",10.9715095545,10481.93,0,10481.93,"ETH","Ethiopia",1448457,138.1861,4.98086444444444,296976.8,14.64,64649,53802,11120
340,"Tigray","Central Tigray",2009,9,"2009-09",40.796316641,10481.93,0,10481.93,"ETH","Ethiopia",1459998,139.2871,5.35617288888889,296976.8,14.64,64649,53802,11120
341,"Tigray","Central Tigray",2009,6,"2009-06",35.165582074,10481.93,0,10481.93,"ETH","Ethiopia",1451342,138.4614,5.07469155555556,296976.8,14.64,64649,53802,11120
342,"Tigray","Central Tigray",2009,3,"2009-03",16.14601327,10481.93,0,10481.93,"ETH","Ethiopia",1442686,137.6356,4.79321022222222,296976.8,14.64,64649,53802,11120
343,"Tigray","Central Tigray",2009,1,"2009-01",0.9370723543,10481.93,0,10481.93,"ETH","Ethiopia",1436916,137.085,4.605556,296976.8,14.64,64649,53802,11120
344,"Tigray","Central Tigray",2009,8,"2009-08",222.95081959,10481.93,0,10481.93,"ETH","Ethiopia",1457113,139.0119,5.26234577777778,296976.8,14.64,64649,53802,11120
345,"Tigray","Central Tigray",2009,2,"2009-02",7.531516428,10481.93,0,10481.93,"ETH","Ethiopia",1439801,137.3603,4.69938311111111,296976.8,14.64,64649,53802,11120
346,"Tigray","East Tigray",2009,2,"2009-02",9.43176111928571,6005.783,0.213622,6005.569,"ETH","Ethiopia",872951.8,145.3571,4.34419733333333,33169.4,14.07,64649,53802,11120
347,"Tigray","East Tigray",2009,9,"2009-09",6.907259754,6005.783,0.213622,6005.569,"ETH","Ethiopia",885197.5,147.3961,4.21802466666667,33169.4,14.07,64649,53802,11120
348,"Tigray","East Tigray",2009,10,"2009-10",24.1040987142857,6005.783,0.213622,6005.569,"ETH","Ethiopia",886946.8,147.6874,4.2,33169.4,14.07,64649,53802,11120
349,"Tigray","East Tigray",2009,4,"2009-04",12.4859566892857,6005.783,0.213622,6005.569,"ETH","Ethiopia",876450.6,145.9397,4.308148,33169.4,14.07,64649,53802,11120
350,"Tigray","East Tigray",2009,5,"2009-05",10.711271551,6005.783,0.213622,6005.569,"ETH","Ethiopia",878199.9,146.231,4.29012333333333,33169.4,14.07,64649,53802,11120
351,"Tigray","East Tigray",2009,6,"2009-06",6.18556433271429,6005.783,0.213622,6005.569,"ETH","Ethiopia",879949.3,146.5222,4.27209866666667,33169.4,14.07,64649,53802,11120
352,"Tigray","East Tigray",2009,1,"2009-01",2.94328601571429,6005.783,0.213622,6005.569,"ETH","Ethiopia",871202.4,145.0658,4.362222,33169.4,14.07,64649,53802,11120
353,"Tigray","East Tigray",2009,8,"2009-08",142.605497417143,6005.783,0.213622,6005.569,"ETH","Ethiopia",883448.1,147.1048,4.23604933333333,33169.4,14.07,64649,53802,11120
354,"Tigray","East Tigray",2009,12,"2009-12",8.464037207,6005.783,0.213622,6005.569,"ETH","Ethiopia",890445.6,148.27,4,33169.4,14.07,64649,53802,11120
355,"Tigray","East Tigray",2009,11,"2009-11",10.8908952127143,6005.783,0.213622,6005.569,"ETH","Ethiopia",888696.2,147.9787,3.75,33169.4,14.07,64649,53802,11120
356,"Tigray","Central Tigray",2009,11,"2009-11",5.0587963872,10481.93,0,10481.93,"ETH","Ethiopia",1465768,139.8377,4.76,296976.8,14.64,64649,53802,11120
357,"Tigray","Central Tigray",2009,12,"2009-12",3.6284921839,10481.93,0,10481.93,"ETH","Ethiopia",1468654,140.1129,4.76,296976.8,14.64,64649,53802,11120
358,"Tigray","Central Tigray",2009,10,"2009-10",13.853919273,10481.93,0,10481.93,"ETH","Ethiopia",1462883,139.5624,5.45,296976.8,14.64,64649,53802,11120
359,"Tigray","Central Tigray",2009,4,"2009-04",11.0735631991,10481.93,0,10481.93,"ETH","Ethiopia",1445571,137.9108,4.88703733333333,296976.8,14.64,64649,53802,11120
360,"Tigray","Central Tigray",2009,7,"2009-07",294.19650273,10481.93,0,10481.93,"ETH","Ethiopia",1454227,138.7366,5.16851866666667,296976.8,14.64,64649,53802,11120
361,"Tigray","East Tigray",2009,7,"2009-07",134.835653164286,6005.783,0.213622,6005.569,"ETH","Ethiopia",881698.7,146.8135,4.254074,33169.4,14.07,64649,53802,11120
362,"Tigray","East Tigray",2009,3,"2009-03",25.8345239757143,6005.783,0.213622,6005.569,"ETH","Ethiopia",874701.2,145.6484,4.32617266666667,33169.4,14.07,64649,53802,11120
363,"Tigray","East Tigray",2010,3,"2010-03",27.58765774,6005.783,0.213622,6005.569,"ETH","Ethiopia",895912.1,149.1802,4.09479166666667,50994.17,14.69,62857,55288,14496
364,"Tigray","East Tigray",2010,10,"2010-10",5.86016015585714,6005.783,0.213622,6005.569,"ETH","Ethiopia",908922.1,151.3466,4.5184375,50994.17,14.69,62857,55288,14496
365,"Tigray","East Tigray",2010,7,"2010-07",144.053412624286,6005.783,0.213622,6005.569,"ETH","Ethiopia",903346.4,150.4181,4.336875,50994.17,14.69,62857,55288,14496
366,"Tigray","East Tigray",2010,12,"2010-12",13.1279245822857,6005.783,0.213622,6005.569,"ETH","Ethiopia",912639.2,151.9655,4.63947916666667,50994.17,14.69,62857,55288,14496
367,"Tigray","East Tigray",2010,4,"2010-04",59.9347814157143,6005.783,0.213622,6005.569,"ETH","Ethiopia",897770.7,149.4897,4.1553125,50994.17,14.69,62857,55288,14496
368,"Tigray","Central Tigray",2010,9,"2010-09",94.924135372,10481.93,0,10481.93,"ETH","Ethiopia",1496063,142.7278,3.565873,322304.9,14.97,62857,55288,14496
369,"Tigray","Central Tigray",2010,6,"2010-06",75.498167559,10481.93,0,10481.93,"ETH","Ethiopia",1486866,141.8505,3.763492,322304.9,14.97,62857,55288,14496
370,"Tigray","East Tigray",2010,8,"2010-08",238.705869271429,6005.783,0.213622,6005.569,"ETH","Ethiopia",905205,150.7276,4.39739583333333,50994.17,14.69,62857,55288,14496
371,"Tigray","East Tigray",2010,5,"2010-05",41.9941054,6005.783,0.213622,6005.569,"ETH","Ethiopia",899629.3,149.7992,4.21583333333333,50994.17,14.69,62857,55288,14496
372,"Tigray","Central Tigray",2010,3,"2010-03",34.406680401,10481.93,0,10481.93,"ETH","Ethiopia",1477670,140.9731,3.961111,322304.9,14.97,62857,55288,14496
373,"Tigray","Central Tigray",2010,4,"2010-04",41.348640121,10481.93,0,10481.93,"ETH","Ethiopia",1480736,141.2656,3.895238,322304.9,14.97,62857,55288,14496
374,"Tigray","East Tigray",2010,9,"2010-09",54.0559639671429,6005.783,0.213622,6005.569,"ETH","Ethiopia",907063.5,151.0371,4.45791666666667,50994.17,14.69,62857,55288,14496
375,"Tigray","East Tigray",2010,11,"2010-11",7.84403598328571,6005.783,0.213622,6005.569,"ETH","Ethiopia",910780.7,151.656,4.57895833333333,50994.17,14.69,62857,55288,14496
376,"Tigray","Central Tigray",2010,8,"2010-08",301.35587238,10481.93,0,10481.93,"ETH","Ethiopia",1492998,142.4354,3.631746,322304.9,14.97,62857,55288,14496
377,"Tigray","East Tigray",2010,1,"2010-01",21.8535147118571,6005.783,0.213622,6005.569,"ETH","Ethiopia",892195,148.5613,3.97375,50994.17,14.69,62857,55288,14496
378,"Tigray","East Tigray",2010,6,"2010-06",15.6805726914286,6005.783,0.213622,6005.569,"ETH","Ethiopia",901487.8,150.1087,4.27635416666667,50994.17,14.69,62857,55288,14496
379,"Tigray","East Tigray",2010,2,"2010-02",5.27951621757143,6005.783,0.213622,6005.569,"ETH","Ethiopia",894053.6,148.8708,4.03427083333333,50994.17,14.69,62857,55288,14496
380,"Tigray","Central Tigray",2010,5,"2010-05",38.839276534,10481.93,0,10481.93,"ETH","Ethiopia",1483801,141.558,3.829365,322304.9,14.97,62857,55288,14496
381,"Tigray","Central Tigray",2010,1,"2010-01",19.708869477,10481.93,0,10481.93,"ETH","Ethiopia",1471539,140.3882,4.092857,322304.9,14.97,62857,55288,14496
382,"Tigray","Central Tigray",2010,7,"2010-07",206.4488615,10481.93,0,10481.93,"ETH","Ethiopia",1489932,142.1429,3.697619,322304.9,14.97,62857,55288,14496
383,"Tigray","Central Tigray",2010,12,"2010-12",4.3471144793,10481.93,0,10481.93,"ETH","Ethiopia",1505260,143.6052,3.86,322304.9,14.97,62857,55288,14496
384,"Tigray","Central Tigray",2010,10,"2010-10",8.075000507,10481.93,0,10481.93,"ETH","Ethiopia",1499128,143.0203,3.5,322304.9,14.97,62857,55288,14496
385,"Tigray","Central Tigray",2010,2,"2010-02",5.1868261752,10481.93,0,10481.93,"ETH","Ethiopia",1474604,140.6807,4.026984,322304.9,14.97,62857,55288,14496
386,"Tigray","Central Tigray",2010,11,"2010-11",8.3818289312,10481.93,0,10481.93,"ETH","Ethiopia",1502194,143.3127,3,322304.9,14.97,62857,55288,14496
387,"Tigray","Central Tigray",2012,1,"2012-01",6.3689806685,10481.93,0,10481.93,"ETH","Ethiopia",1545111,147.4071,6.983333,493368.4,22.76,69026,61502,31341
388,"Tigray","Central Tigray",2012,2,"2012-02",4.9866579223,10481.93,0,10481.93,"ETH","Ethiopia",1548176,147.6996,6.94296266666667,493368.4,22.76,69026,61502,31341
389,"Tigray","Central Tigray",2012,4,"2012-04",78.365931657,10481.93,0,10481.93,"ETH","Ethiopia",1554308,148.2845,6.862222,493368.4,22.76,69026,61502,31341
390,"Tigray","Central Tigray",2012,5,"2012-05",36.478409192,10481.93,0,10481.93,"ETH","Ethiopia",1557373,148.5769,6.82185166666667,493368.4,22.76,69026,61502,31341
391,"Tigray","Central Tigray",2012,6,"2012-06",70.832628594,10481.93,0,10481.93,"ETH","Ethiopia",1560438,148.8694,6.78148133333333,493368.4,22.76,69026,61502,31341
392,"Tigray","Central Tigray",2012,9,"2012-09",81.437088034,10481.93,0,10481.93,"ETH","Ethiopia",1569635,149.7468,6.66037033333333,493368.4,22.76,69026,61502,31341
393,"Tigray","Central Tigray",2012,7,"2012-07",229.49735174,10481.93,0,10481.93,"ETH","Ethiopia",1563504,149.1618,6.741111,493368.4,22.76,69026,61502,31341
394,"Tigray","Central Tigray",2012,8,"2012-08",309.47052644,10481.93,0,10481.93,"ETH","Ethiopia",1566570,149.4543,6.70074066666667,493368.4,22.76,69026,61502,31341
395,"Tigray","Central Tigray",2012,10,"2012-10",31.968086059,10481.93,0,10481.93,"ETH","Ethiopia",1572700,150.0392,6.62,493368.4,22.76,69026,61502,31341
396,"Tigray","Central Tigray",2012,11,"2012-11",28.828364178,10481.93,0,10481.93,"ETH","Ethiopia",1575766,150.3317,6.5,493368.4,22.76,69026,61502,31341
397,"Tigray","Central Tigray",2012,3,"2012-03",6.9039374856,10481.93,0,10481.93,"ETH","Ethiopia",1551242,147.992,6.90259233333333,493368.4,22.76,69026,61502,31341
398,"Tigray","Central Tigray",2012,12,"2012-12",2.6809883604,10481.93,0,10481.93,"ETH","Ethiopia",1578832,150.6241,6.45,493368.4,22.76,69026,61502,31341
399,"Tigray","East Tigray",2012,3,"2012-03",25.8930678671429,6005.783,0.213622,6005.569,"ETH","Ethiopia",940517.7,156.6076,6.63472222222222,77976.61,20.61,69026,61502,31341
400,"Tigray","East Tigray",2012,4,"2012-04",134.298555095714,6005.783,0.213622,6005.569,"ETH","Ethiopia",942376.3,156.9171,6.65833333333333,77976.61,20.61,69026,61502,31341
401,"Tigray","East Tigray",2012,11,"2012-11",22.7792164142857,6005.783,0.213622,6005.569,"ETH","Ethiopia",955386.3,159.0834,6.8,77976.61,20.61,69026,61502,31341
402,"Tigray","East Tigray",2012,6,"2012-06",29.4476196985714,6005.783,0.213622,6005.569,"ETH","Ethiopia",946093.4,157.536,6.70555555555556,77976.61,20.61,69026,61502,31341
403,"Tigray","East Tigray",2012,9,"2012-09",22.90234596,6005.783,0.213622,6005.569,"ETH","Ethiopia",951669.1,158.4644,6.77638888888889,77976.61,20.61,69026,61502,31341
404,"Tigray","East Tigray",2012,10,"2012-10",21.5857758405714,6005.783,0.213622,6005.569,"ETH","Ethiopia",953527.7,158.7739,6.8,77976.61,20.61,69026,61502,31341
405,"Tigray","East Tigray",2012,8,"2012-08",189.531553857143,6005.783,0.213622,6005.569,"ETH","Ethiopia",949810.6,158.155,6.75277777777778,77976.61,20.61,69026,61502,31341
406,"Tigray","East Tigray",2012,12,"2012-12",4.15280446457143,6005.783,0.213622,6005.569,"ETH","Ethiopia",957244.8,159.3929,6.6,77976.61,20.61,69026,61502,31341
407,"Tigray","East Tigray",2012,1,"2012-01",5.142362042,6005.783,0.213622,6005.569,"ETH","Ethiopia",936800.6,155.9887,6.5875,77976.61,20.61,69026,61502,31341
408,"Tigray","East Tigray",2012,7,"2012-07",152.233047254286,6005.783,0.213622,6005.569,"ETH","Ethiopia",947952,157.8455,6.72916666666667,77976.61,20.61,69026,61502,31341
409,"Tigray","East Tigray",2012,5,"2012-05",52.43061959,6005.783,0.213622,6005.569,"ETH","Ethiopia",944234.9,157.2266,6.68194444444444,77976.61,20.61,69026,61502,31341
410,"Tigray","East Tigray",2012,2,"2012-02",5.48688521985714,6005.783,0.213622,6005.569,"ETH","Ethiopia",938659.2,156.2981,6.61111111111111,77976.61,20.61,69026,61502,31341
