d3mIndex,sftpcons,sftptv2a3,sftptv2a4,sftptv2a5,sftptv2a2,sftptv2a6,logim,maccat,disp4cat,stratidc,log_gdpc,logtpop,logmtn,feanctig,floil,sftpdur2,ethherf,relhrel,anocracy,democracy
0,0,0,0,0,0,0,0.66001683473587,0,0,195751,5.03043794631958,9.10653400421143,4.19870471954346,0,0,0,0.361777573823929,0.616317629814148,0,0
1,0,0,0,0,0,0,0.6178019642829901,0,0,197051,5.480638980865481,9.400712966918947,4.19870471954346,0,0,0,0.361777573823929,0.616317629814148,0,0
2,1,0,0,0,0,0,0.805741012096405,0,0,197851,5.92958927154541,9.5923318862915,4.19870471954346,0,0,0,0.391428232192993,0.616317629814148,0,0
3,0,0,0,0,0,0,0.5344307422637941,0,0,197431,6.55677843093872,7.71512365341187,2.2705233097076403,0,0,0,0.896722912788391,0.346206724643707,0,0
4,1,0,1,0,0,0,0.641530930995941,0,1,199631,7.8299446105957,8.07620429992676,2.2705233097076403,0,0,1,0.903512001037598,0.346206724643707,1,0
5,0,0,0,0,0,0,0.164465397596359,0,1,197051,6.587274551391599,9.46838760375977,2.8154087066650404,0,1,0,0.7142227292060849,0.980191230773926,0,0
6,0,0,0,0,0,0,0.209115266799927,0,1,197751,7.50611925125122,9.68146800994873,2.8154087066650404,0,1,0,0.7142227292060849,0.980191230773926,0,0
7,0,0,0,0,0,0,0.15803417563438402,0,1,198051,7.78579139709473,9.77525615692139,2.8154087066650404,0,1,0,0.7142227292060849,0.980191230773926,0,0
8,1,1,0,0,0,0,0.162418723106384,0,1,199151,8.45148277282715,10.1025428771973,2.8154087066650404,0,1,1,0.7141541838645941,0.980191230773926,1,0
9,1,1,0,0,0,0,-0.612385809421539,0,1,196641,7.52054357528687,9.99670505523682,3.38099455833435,0,0,0,0.61763197183609,0.8972715139389041,1,0
10,0,0,0,0,0,0,-0.53698056936264,0,1,197041,7.75589561462402,10.0542755126953,3.38099455833435,0,0,1,0.61763197183609,0.8972715139389041,0,0
11,1,0,1,0,0,0,-0.5069405436515809,0,1,197641,8.23126125335693,10.1513624191284,3.38099455833435,0,0,1,0.633647561073303,0.8545109033584591,0,1
12,0,0,0,1,0,0,-0.614125192165375,0,0,199941,9.354023933410641,10.4825973510742,3.38099455833435,0,0,0,0.655799984931946,0.7546480298042301,0,1
13,1,0,0,1,0,0,-0.299854308366776,1,0,199531,7.803635120391848,8.14293575286865,2.8055646419525098,0,0,0,0.8725352287292479,0.484715968370438,0,1
14,0,0,0,0,1,0,-1.51071178913116,0,1,195821,7.67146348953247,9.14974117279053,1.13140213489532,1,0,0,0.992379248142242,0.5248206853866579,0,1
15,0,0,0,0,1,0,-1.46239376068115,0,1,196121,7.8226809501647905,9.216024398803713,1.13140213489532,1,0,0,0.992379248142242,0.5248206853866579,0,1
16,0,0,0,0,1,0,-1.7281275987625102,0,1,196521,7.96387052536011,9.30072975158691,1.13140213489532,1,0,0,0.992379248142242,0.5248206853866579,0,1
17,0,0,0,0,1,0,-1.68417024612427,0,0,196921,8.15614318847656,9.37830924987793,1.13140213489532,1,0,0,0.992379248142242,0.5248206853866579,0,1
18,0,0,0,0,1,0,-1.7273451089859,0,0,197121,8.34970188140869,9.415971755981447,1.13140213489532,1,0,0,0.992379248142242,0.5248206853866579,0,1
19,0,0,0,0,1,0,-1.61719214916229,0,0,197421,8.53269290924072,9.480978012084961,1.13140213489532,1,0,0,0.983378469944,0.482401311397552,0,1
20,0,0,0,0,1,0,-1.80696892738342,0,0,198921,9.61415100097656,9.68868446350098,1.13140213489532,1,0,0,0.97663551568985,0.4232054948806761,0,1
21,0,0,0,0,1,0,-0.819871366024017,0,0,195831,7.10699129104614,8.84764766693115,4.044804096221919,0,0,0,1.0,0.813132345676422,0,1
22,0,0,0,0,1,0,-1.79376554489136,0,0,199131,9.68651866912842,8.946635246276859,4.044804096221919,0,0,0,0.977790296077728,0.786779880523682,0,1
23,0,0,0,0,0,0,-0.304345726966858,0,1,197551,8.43988037109375,5.51342868804932,0.0,0,1,1,0.79091602563858,0.473999500274658,0,0
24,0,0,0,0,1,0,-0.9265572428703308,0,0,195631,7.28877735137939,9.0902042388916,0.0,1,0,0,0.477626293897629,0.859525978565216,0,1
25,0,0,0,0,1,0,-1.88290655612946,0,0,199631,9.89784049987793,9.22078609466553,0.0,0,0,0,0.490686774253845,0.737923979759216,0,1
26,1,0,1,0,0,0,0.474965900182724,0,0,196311,5.5345745086669895,7.727535247802732,0.0,0,0,0,0.40909072756767295,0.534699320793152,1,0
27,1,1,0,0,0,0,0.5491367578506471,0,0,197211,5.88496446609497,7.90285730361938,0.0,0,0,1,0.17780812084674802,0.490513265132904,1,0
28,0,0,0,0,0,0,0.5076028108596801,0,0,196311,5.03389596939087,8.42178344726562,0.0,0,0,0,0.401472538709641,0.577274680137634,0,0
29,0,0,0,0,0,0,0.555602431297302,0,0,196611,5.1050968170166,8.47574615478516,0.0,0,0,0,0.401472538709641,0.577274680137634,0,0
30,1,0,1,0,0,0,0.583598613739014,0,0,198011,5.85653209686279,8.781862258911131,0.0,0,0,1,0.334885388612747,0.43628191947937,1,0
31,0,0,0,0,0,0,0.7936244606971741,0,0,198811,6.521136283874509,8.98067569732666,0.0,0,0,0,0.3350106477737429,0.3966925740242,0,0
32,0,0,0,0,0,0,0.8375164270401,0,0,199111,6.59079551696777,9.06704711914062,0.0,0,0,0,0.3350106477737429,0.3966925740242,0,0
33,0,0,0,0,0,0,0.6252307295799261,0,1,195621,5.192956924438481,6.67834234237671,4.557029724121089,0,0,0,0.380461990833282,0.596877574920654,0,0
34,0,0,0,0,0,0,0.715208888053894,0,1,196021,5.28320360183716,6.72982406616211,4.557029724121089,0,0,0,0.380461990833282,0.596877574920654,0,0
35,0,0,0,0,0,0,0.477002203464508,0,1,196721,5.37989711761475,6.86380338668823,4.557029724121089,0,0,0,0.380461990833282,0.596877574920654,0,0
36,0,0,0,0,0,0,0.523699045181274,0,1,197021,5.480638980865481,6.92362880706787,4.557029724121089,0,0,0,0.380461990833282,0.596877574920654,0,0
37,0,0,0,0,0,0,0.963462352752686,0,1,198921,6.81093597412109,7.36073970794678,4.557029724121089,0,0,0,0.384174257516861,0.5474820137023929,0,0
38,0,0,0,0,0,0,1.11121153831482,0,1,199621,7.45745944976807,7.4871735572814915,4.557029724121089,0,0,0,0.465954005718231,0.557605981826782,0,0
39,1,0,1,0,0,0,-1.07755887508392,0,0,199532,8.697445869445799,9.2390251159668,0.0,0,0,0,0.643225371837616,0.383456289768219,0,1
40,1,0,1,0,0,0,0.478582292795181,0,1,197421,5.66663408279419,11.152357101440401,0.0,0,0,0,0.9485074877738948,0.7566363215446469,0,1
41,0,0,1,0,0,0,0.6981723308563229,0,1,199721,7.271835803985598,11.7232351303101,0.0,0,0,0,0.973706662654877,0.7566363215446469,0,1
42,0,1,0,0,0,0,0.26120311021804804,0,0,196141,6.16892004013062,8.09498882293701,3.608211517333981,0,0,0,0.309722453355789,0.9374259710311892,1,0
43,0,0,0,0,0,0,0.14555799961090102,0,0,197841,7.18280029296875,8.49208068847656,3.608211517333981,0,0,0,0.31194701790809604,0.8788244128227231,0,0
44,0,0,1,0,0,0,0.33784931898117104,0,0,198441,7.54935646057129,8.62944984436035,3.608211517333981,0,1,1,0.312033474445343,0.8572580218315121,0,1
45,0,0,0,1,0,0,-0.15261998772621202,0,0,198811,8.18886661529541,7.09257364273071,0.0,0,0,0,0.629644513130188,0.366751372814178,0,1
46,0,0,0,1,0,0,-0.26980671286582897,0,0,199111,8.472461700439451,7.18235206604004,0.0,0,0,0,0.629644513130188,0.366751372814178,0,1
47,1,0,1,0,0,0,0.297066777944565,0,0,196141,6.2823600769043,11.1651964187622,1.41098701953888,0,0,0,0.456823736429214,0.8777190446853641,0,1
48,0,0,0,0,0,0,0.0475644022226334,0,0,197341,7.12852001190186,11.496297836303699,1.41098701953888,0,0,0,0.360201150178909,0.8219836950302121,0,0
49,0,1,0,0,0,0,0.0256807189434767,0,0,197841,7.80347204208374,11.614732742309599,1.41098701953888,0,0,1,0.360201150178909,0.8219836950302121,1,0
50,0,0,0,1,0,0,0.0412227176129818,0,0,199141,8.63643646240234,11.8934078216553,1.41098701953888,0,0,0,0.369985550642014,0.779743731021881,0,1
51,1,0,0,0,0,0,0.422476440668106,0,1,198811,6.51290369033813,8.52357292175293,4.32413244247437,0,0,0,0.736682415008545,0.472694098949432,0,0
52,0,0,0,0,0,0,-0.769872605800629,0,1,196731,7.14440727233887,9.01237678527832,3.0587069988250697,0,0,0,0.697432041168213,0.517810881137848,0,0
53,0,0,0,0,0,0,0.805148899555206,0,0,195821,5.84064149856567,8.50613212585449,0.6931471824645999,0,0,1,0.7514495253562931,0.812559306621552,0,0
54,0,0,0,0,0,0,0.582081437110901,0,0,196521,6.038586616516111,8.67180061340332,0.6931471824645999,0,0,0,0.7514495253562931,0.812559306621552,0,0
55,1,0,0,0,0,0,0.654413461685181,0,0,197021,6.065086841583249,8.80372428894043,0.6931471824645999,0,0,0,0.7514495253562931,0.812559306621552,0,0
56,1,0,1,0,0,0,0.848017275333405,0,1,199721,7.52387571334839,9.34879684448242,0.6931471824645999,0,0,1,0.737852811813354,0.725800275802612,1,0
57,0,1,0,0,0,0,0.89804619550705,0,1,200021,7.61005067825317,9.43252372741699,0.6931471824645999,0,0,1,0.737852811813354,0.725800275802612,1,0
58,0,0,0,0,1,0,-1.18916726112366,0,1,195631,7.611090183258059,9.66370677947998,2.7972812652587904,0,0,0,0.24060325324535395,0.4135261178016661,0,1
59,0,0,0,0,1,0,-1.93307304382324,0,0,199831,10.0471925735474,10.297419548034698,2.7972812652587904,0,0,0,0.37341856956481895,0.373151242733002,0,1
60,0,0,0,0,0,0,0.158004254102707,0,0,196211,5.22035598754883,8.57583904266357,2.92852354049683,0,0,0,0.15913835167884802,0.322367995977402,0,0
61,0,0,0,0,0,0,0.0879926234483719,0,0,196511,5.32300996780396,8.63728427886963,2.92852354049683,0,0,0,0.15913835167884802,0.322367995977402,0,0
62,0,0,0,0,0,0,0.299735993146896,0,0,197711,6.118097305297849,8.931023597717289,2.92852354049683,0,0,0,0.17767196893692005,0.255982011556625,0,0
63,0,0,0,0,0,0,0.31360766291618297,0,0,198011,6.4183650016784695,9.01881694793701,2.92852354049683,0,0,0,0.17767196893692005,0.255982011556625,0,0
64,0,0,0,0,0,0,0.491672307252884,0,0,198411,7.03790616989136,9.133134841918947,2.92852354049683,0,1,0,0.17767469584941895,0.2500500082969669,0,0
65,0,0,0,0,0,0,0.567919194698334,0,1,199011,7.18083143234253,9.30510520935059,2.92852354049683,0,0,0,0.17767469584941895,0.2500500082969669,0,0
66,0,1,0,0,0,0,0.6846571564674381,0,1,199411,7.02286815643311,9.42173480987549,2.92852354049683,0,1,1,0.16565828025341,0.255940109491348,1,0
67,0,1,0,0,0,0,0.674074769020081,0,1,199711,7.07640027999878,9.50405406951904,2.92852354049683,0,0,0,0.16565828025341,0.255940109491348,1,0
68,0,1,0,0,0,0,0.8123010396957401,0,1,200211,7.234177112579348,9.623575210571287,2.92852354049683,0,1,0,0.165656000375748,0.260564863681793,1,0
69,0,0,0,0,0,0,0.300512194633484,0,0,196311,6.13159608840942,7.35115814208984,1.68639898300171,0,0,0,0.3876107633113859,0.31054198741912803,0,0
70,0,0,0,0,0,0,0.351626247167587,0,0,197211,6.4737825393676784,7.534228324890139,1.68639898300171,0,0,0,0.24515508115291604,0.270903646945953,0,0
71,0,0,0,0,0,0,0.4373759329319,0,0,198011,6.851036548614499,7.6939373016357395,1.68639898300171,0,0,0,0.24515508115291604,0.270903646945953,0,0
72,0,0,0,0,0,0,0.6286086440086359,0,0,198811,7.05299806594849,7.90137720108032,1.68639898300171,0,0,0,0.245345935225487,0.230111598968506,0,0
73,0,0,0,0,0,0,0.7129890918731691,0,0,199111,7.12648105621338,7.96415567398071,1.68639898300171,0,0,0,0.245345935225487,0.230111598968506,0,0
74,0,0,1,0,0,0,0.93832403421402,1,0,199511,7.06505823135376,8.06652164459229,1.68639898300171,0,0,1,0.250560075044632,0.220965221524239,0,1
75,1,0,1,0,0,0,1.15233087539673,0,0,200311,6.95368432998657,8.23482990264893,1.68639898300171,0,0,0,0.25110998749733,0.216846853494644,0,1
76,1,0,0,0,0,0,0.447898864746094,0,1,196511,5.73886013031006,8.07837772369385,2.25129175186157,0,0,0,0.200365990400314,0.3582020103931429,0,0
77,0,1,0,0,0,0,1.17405962944031,0,0,200311,6.86631870269775,8.99998950958252,2.25129175186157,0,0,0,0.239730000495911,0.4269781410694121,1,0
78,0,0,1,0,0,0,-0.0519276112318039,0,0,196841,7.1371431350708,9.078293800354,4.07073450088501,0,0,0,0.614585995674133,0.803673803806305,0,1
79,1,0,1,0,0,0,-0.21198545396328,0,0,197341,7.4637360572814915,9.17678356170654,4.07073450088501,0,0,0,0.6137576699256899,0.723928034305573,0,1
80,1,0,0,0,0,0,0.0344202257692814,0,1,195621,4.82887363433838,13.319581985473599,3.6480574607849103,0,0,0,0.92248946428299,0.32750460505485496,0,0
81,1,0,0,0,0,0,-0.232533290982246,1,1,196621,5.13308906555176,13.4760322570801,3.6480574607849103,0,0,0,0.92248946428299,0.509356617927551,0,0
82,1,0,0,0,0,0,-0.176456436514854,1,0,198821,7.1161832809448216,13.898720741272,3.6480574607849103,0,0,0,0.917525291442871,0.639532029628754,0,0
83,0,0,0,1,0,0,-0.0226852837949991,0,1,196641,6.50022315979004,9.85308837890625,3.64021420478821,1,0,0,0.34989723563194297,0.925891995429993,0,1
84,0,0,0,1,0,0,-0.189242005348206,0,1,197841,7.397475719451902,10.16477394104,3.64021420478821,1,0,0,0.33138379454612704,0.914336740970612,0,1
85,1,0,0,1,0,0,-0.200492069125175,0,1,198441,7.92702484130859,10.299541473388699,3.64021420478821,1,0,0,0.3313497006893161,0.8942043781280521,0,1
86,0,0,0,0,0,0,0.43468365073204,0,0,198111,7.09122610092163,5.918893814086911,3.40119743347168,0,0,0,1.0,0.744117975234985,1,0
87,0,0,0,0,0,0,0.724743902683258,0,0,199011,7.608816146850589,6.20859003067017,3.40119743347168,0,0,0,1.0,0.744117975234985,0,0
88,1,0,1,0,0,0,0.9314444065093992,0,0,199511,7.6239595413208,6.3543701171875,3.40119743347168,0,0,0,1.0,0.7584316730499271,1,0
89,1,0,1,0,0,0,0.354810386896133,0,0,196312,5.42811679840088,6.93634271621704,0.0,0,0,0,0.42579385638237,0.363158643245697,1,0
90,0,0,0,0,0,0,0.453292310237885,0,1,197211,5.95832109451294,7.18765735626221,0.0,0,0,0,0.298456460237503,0.364485234022141,0,0
91,0,0,0,0,0,0,0.847853541374207,0,1,199011,7.30843544006348,7.755767345428469,0.0,0,1,0,0.298969000577927,0.369719415903091,0,0
92,1,0,1,0,0,0,0.9858543872833248,0,0,199711,7.240563869476321,7.98480319976807,0.0,0,1,0,0.32755547761917103,0.3756645917892461,1,0
93,0,0,0,0,1,0,-0.15758335590362502,0,0,196641,6.76159572601318,7.33432912826538,3.14415216445923,0,0,0,0.8448913097381591,0.8415751457214359,0,1
94,0,0,0,0,1,0,-0.385952293872833,0,0,197341,7.17646837234497,7.5315523147583,3.14415216445923,0,0,0,0.79246586561203,0.815360128879547,0,1
95,0,0,0,0,1,0,-0.677898347377777,0,0,197641,7.39991188049316,7.60140228271484,3.14415216445923,0,0,0,0.79246586561203,0.815360128879547,0,1
96,0,0,0,0,1,0,-1.23153078556061,0,0,198241,8.032947540283201,7.76089334487915,3.14415216445923,0,0,0,0.7926020622253421,0.7941986918449399,0,1
97,0,0,0,0,0,0,-0.640359699726105,0,0,196641,7.38523101806641,8.93524551391602,1.69410693645477,0,0,0,0.569849610328674,0.606031239032745,0,0
98,0,0,0,0,0,0,-1.27478218078613,0,0,197842,7.979681491851809,9.14984703063965,1.69410693645477,0,0,0,0.566563785076141,0.385823994874954,0,0
99,1,0,1,0,0,0,-1.14986097812653,0,1,196331,6.6148996353149405,6.35784244537354,2.30258512496948,0,0,0,0.6431816816329959,0.670845448970795,0,1
100,1,0,1,0,0,0,-1.70474803447723,0,1,197431,7.656176090240481,6.42324686050415,2.30258512496948,0,0,0,0.693438291549683,0.661913096904755,0,1
101,1,0,0,0,0,0,-1.47229862213135,0,1,196831,6.52062129974365,9.56381034851074,1.94591009616852,0,0,0,0.525615096092224,0.5047230720520021,0,0
102,0,0,0,0,0,0,-1.4130645990371695,0,1,198931,8.36147499084473,9.65117263793945,1.94591009616852,0,0,0,0.496570318937302,0.3974408805370329,0,0
103,0,0,0,0,1,0,-1.83057951927185,0,0,199131,9.79370880126953,8.542666435241701,0.0,1,0,0,0.9780718684196468,0.885142028331757,0,1
104,1,0,0,0,0,1,-0.0213957671076059,0,1,196341,5.90290641784668,8.114025115966799,2.85647010803223,0,0,1,0.5707031488418579,0.946950018405914,0,0
105,0,1,0,0,0,0,-0.0635459646582603,0,1,197141,6.347704410552981,8.36567211151123,2.85647010803223,0,0,0,0.5707031488418579,0.946950018405914,1,0
106,0,1,0,0,0,0,-0.0604733936488628,0,1,197842,7.12509822845459,8.55120849609375,2.85647010803223,0,0,0,0.5656936168670649,0.906917989253998,1,0
107,1,0,1,0,0,0,-0.332680106163025,0,1,197041,6.484360218048098,8.63515377044678,3.66356158256531,0,0,1,0.368395388126373,0.929678022861481,1,0
108,0,0,0,0,0,0,0.446038633584976,0,1,195951,5.83311319351196,10.1618051528931,0.6931471824645999,0,0,0,0.946918249130249,0.849060893058777,0,0
109,0,0,0,0,0,0,0.217766657471657,0,1,197151,6.42136192321777,10.4495258331299,0.6931471824645999,0,0,0,0.946918249130249,0.849060893058777,0,0
110,0,0,0,0,0,0,0.342671662569046,0,0,197551,6.65955018997192,10.536114692688,0.6931471824645999,0,0,0,0.904711961746216,0.849060893058777,0,0
111,1,0,0,0,0,0,0.417785584926605,0,0,199251,7.91080713272095,10.928955078125,0.6931471824645999,0,0,0,0.904534995555878,0.849060893058777,0,0
112,0,0,1,0,0,0,-1.06839847564697,0,1,199631,8.79157257080078,7.29641342163086,0.0,0,0,0,0.495692580938339,0.457131922245026,0,1
113,1,0,0,0,0,0,0.4476654529571529,0,1,196111,4.78189277648926,9.985067367553713,4.2682976722717285,0,0,0,0.340980559587479,0.376688122749329,0,0
114,1,0,1,0,0,0,1.07172894477844,0,0,199911,6.39757966995239,11.0131549835205,4.26268005371094,0,0,1,0.273788541555405,0.43823829293251,1,0
115,0,0,0,0,1,0,-1.73657870292664,0,0,196331,7.570185661315921,8.403576850891112,0.157003745436668,0,0,0,0.847534537315369,0.905484020709991,0,1
116,1,0,0,1,0,0,-0.951927185058594,0,0,198721,7.99557638168335,6.563855648040769,0.336472243070602,1,0,0,0.5010409355163571,0.31383317708969105,0,1
117,1,0,0,0,1,0,-0.9989649057388308,0,0,195831,7.27791786193848,10.687959671020499,2.44234704971313,1,0,0,0.801021695137024,0.7258301377296451,0,1
118,0,0,0,0,1,0,-1.52504074573517,0,0,196331,7.58035802841187,10.7424001693726,2.44234704971313,1,0,0,0.801021695137024,0.7258301377296451,1,0
119,0,0,0,0,1,0,-1.61717045307159,0,1,196731,7.81132936477661,10.7946243286133,2.44234704971313,1,0,0,0.801021695137024,0.7258301377296451,1,0
120,0,0,0,0,1,0,-1.63661623001099,0,0,197131,8.14174556732178,10.827667236328098,2.44234704971313,1,0,1,0.801021695137024,0.7258301377296451,0,1
121,0,0,0,0,1,0,-1.66001224517822,0,0,197431,8.38810443878174,10.850928306579599,2.44234704971313,1,0,0,0.7792281508445741,0.672162890434265,0,1
122,0,0,0,0,1,0,-1.84707903862,0,1,199531,9.82388401031494,10.9613647460938,2.44234704971313,1,0,0,0.7721626758575441,0.525168001651764,0,1
123,0,0,0,0,0,0,0.4253064692020421,0,0,196311,6.56755828857422,6.19031524658203,0.0676586478948593,0,0,0,0.388749986886978,0.4590660035610201,0,0
124,0,0,0,0,0,0,0.4694193601608279,0,0,196611,7.022047996521,6.2105998992919895,0.0676586478948593,0,0,0,0.388749986886978,0.4590660035610201,0,0
125,0,0,0,0,0,0,0.4852130413055421,0,0,197311,7.75757265090942,6.29156923294067,0.0676586478948593,0,1,0,0.207307264208794,0.471902012825012,0,0
126,0,0,0,0,0,0,0.419395685195923,0,0,199112,8.8967866897583,6.82762908935547,0.0676586478948593,0,1,0,0.20710533857345606,0.448527991771698,0,0
127,0,0,0,0,0,0,0.445157617330551,0,0,199611,8.93016052246094,6.9828629493713406,0.0676586478948593,0,1,0,0.20287811756134,0.435273498296738,1,0
128,0,0,0,0,1,0,0.21302054822444896,0,0,197211,6.212365627288821,6.1506028175354,0.0,0,0,0,0.2968918085098269,0.7375119924545291,0,1
129,1,0,0,0,1,0,0.7897740006446842,0,0,199411,7.009526252746579,6.91373729705811,0.0,0,0,0,0.264151781797409,0.7807921767234799,0,1
130,0,0,0,0,0,0,0.7891618609428409,0,0,199811,6.951351165771482,7.050122737884519,0.0,0,0,1,0.264151781797409,0.7807921767234799,0,0
131,0,0,0,0,0,0,-1.25403392314911,0,0,196331,7.29233694076538,9.68414878845215,1.0986123085022,0,0,0,1.0,0.469570487737656,0,0
132,0,0,0,0,0,0,-0.0855899155139923,0,0,196211,6.00571250915527,8.81907367706299,0.0,0,0,0,0.29893285036087,0.290851682424545,0,0
133,0,0,0,0,0,0,-0.235452800989151,0,0,196711,5.98798370361328,8.96392822265625,0.0,0,0,0,0.29893285036087,0.290851682424545,0,0
134,1,1,0,0,0,0,-0.183349832892418,0,0,197212,6.23588037490845,9.062188148498539,0.0,0,0,1,0.17030340433120705,0.23890589177608496,1,0
135,1,0,1,0,0,0,0.0913818627595901,0,0,198111,6.66610383987427,9.28256797790527,0.0,0,0,1,0.17030340433120705,0.23890589177608496,0,1
136,0,0,0,0,0,0,0.305469512939453,0,0,198511,6.70595741271973,9.416948318481447,0.0,0,0,1,0.170302093029022,0.222141116857529,0,0
137,0,0,0,0,0,0,0.350035309791565,0,0,198812,6.8317594528198216,9.52098178863525,0.0,0,0,0,0.170302093029022,0.222141116857529,0,0
138,0,0,0,0,0,0,0.8138275146484379,0,0,198311,6.12424564361572,6.70441436767578,0.0,0,0,0,0.235195994377136,0.419999986886978,0,0
139,1,0,1,0,0,0,1.1416025161743202,0,0,199811,6.692542552948001,7.10987949371338,0.0,0,0,1,0.22965991497039806,0.408199995756149,1,0
140,0,1,0,0,0,0,-0.7741631269454959,0,1,195631,6.517597198486331,8.98293781280518,3.12676048278809,1,0,0,0.6797809004783629,0.956628024578094,1,0
141,1,1,0,0,0,0,-1.1685117483139,0,1,196731,7.29147911071777,9.05380344390869,3.12676048278809,1,0,0,0.6797809004783629,0.956628024578094,1,0
142,0,0,0,0,1,0,-1.66931128501892,0,1,199131,9.19002056121826,9.22157669067383,3.12676048278809,1,0,0,0.679317474365234,0.9297659993171692,0,1
143,0,0,0,0,0,0,0.30583527684211703,0,1,196141,6.38602018356323,8.25608825683594,3.76352286338806,0,0,0,0.487793833017349,0.941334009170532,1,0
144,1,0,0,0,0,0,0.0721032917499542,0,1,196642,6.526685237884519,8.39840984344482,3.76352286338806,0,0,0,0.487793833017349,0.941334009170532,1,0
145,0,0,0,0,0,0,0.8104511499404911,0,0,196111,6.5796818733215305,8.02943325042725,1.43508458137512,0,0,0,0.296394616365433,0.486000001430511,0,0
146,0,0,0,0,0,0,0.533367574214935,0,0,196411,6.728652477264402,8.09223937988281,1.43508458137512,0,0,0,0.296394616365433,0.486000001430511,0,0
147,0,0,0,0,0,0,0.5556437373161321,0,0,197212,6.74201965332031,8.26796245574951,1.43508458137512,0,0,0,0.273878365755081,0.514062523841858,0,0
148,0,0,0,0,0,0,0.8255290389060971,0,0,198812,7.58604764938354,8.60648536682129,1.43508458137512,0,0,0,0.27375024557113603,0.542400002479553,0,0
149,0,0,0,0,0,0,0.8654323220252991,0,0,199211,7.74933099746704,8.71964454650879,1.43508458137512,0,0,0,0.26494434475898704,0.591225504875183,0,0
150,0,0,0,0,0,0,0.960689127445221,0,0,199611,7.836255073547361,8.86756801605225,1.43508458137512,0,0,0,0.26494434475898704,0.591225504875183,1,0
151,0,1,0,0,0,0,1.10578811168671,0,0,200211,7.99328899383545,9.001715660095211,1.43508458137512,0,0,0,0.259306013584137,0.613825023174286,1,0
152,0,1,0,0,0,0,-0.328504055738449,0,1,196841,6.469482898712161,6.4922399520874,1.19392251968384,0,0,0,0.37564995884895297,0.26259884238243103,1,0
153,1,1,0,0,0,0,-0.255731731653214,0,1,197841,7.40750598907471,6.605298042297361,1.19392251968384,0,0,0,0.37564995884895297,0.26259884238243103,1,0
154,0,0,1,0,0,0,0.0790219902992249,0,1,199941,8.17106819152832,6.61873912811279,1.19392251968384,0,0,0,0.37180832028389,0.261315762996674,0,1
155,0,0,0,0,0,0,0.32574364542961104,0,0,196841,5.638354778289791,8.34664249420166,2.7972812652587904,0,0,0,0.9050738215446468,0.7549008131027221,0,0
156,0,0,0,0,0,0,0.461886197328568,0,0,197741,5.904162406921389,8.501063346862791,2.7972812652587904,0,0,0,0.904445767402649,0.7376880049705509,0,0
157,1,0,0,0,0,0,0.776729166507721,0,0,199141,6.60490560531616,8.820108413696289,2.7972812652587904,0,0,1,0.9043684601783748,0.685493528842926,0,0
158,1,0,1,0,0,0,0.827010095119476,0,0,199941,7.64076709747314,8.948065757751461,2.7972812652587904,0,0,0,0.905028820037842,0.630008101463318,0,1
159,0,1,0,0,0,0,-0.0378144718706608,0,1,196842,6.124333381652829,7.74630069732666,3.98527336120605,0,0,0,0.8229141235351559,0.912485718727112,1,0
160,0,1,0,0,0,0,-0.113129697740078,0,0,197741,6.606744766235349,8.01168632507324,3.98527336120605,0,0,0,0.8085656762123109,0.901429295539856,1,0
161,1,0,0,0,0,0,-0.357509076595306,0,1,195631,6.96885061264038,9.1926851272583,0.0,0,0,0,0.813318014144897,0.440842002630234,0,0
162,0,0,0,0,1,0,-1.0986123085022,0,0,199431,8.94052219390869,9.2399959564209,0.0,0,0,1,0.801177978515625,0.3914159238338471,0,1
163,1,0,0,1,0,0,0.455428063869476,0,1,195622,5.06928157806396,12.886883735656701,2.63188886642456,1,0,0,0.19411721825599693,0.6971676349639889,0,1
164,0,0,0,1,0,0,0.5078037977218629,0,1,196121,5.22934246063232,12.977068901062,2.63188886642456,1,0,0,0.19411721825599693,0.6971676349639889,0,1
165,1,0,0,1,0,0,0.25216993689537,0,1,196721,5.44820165634155,13.1126298904419,2.63188886642456,1,0,0,0.19411721825599693,0.6971676349639889,0,1
166,0,0,0,1,0,0,0.4131597280502321,0,1,197421,5.84101963043213,13.272067070007301,2.63188886642456,1,0,0,0.200186997652054,0.693214178085327,0,1
167,1,0,1,0,0,0,0.505280315876007,0,1,198321,6.630313873291018,13.4635400772095,2.63188886642456,1,0,0,0.200186431407928,0.684159815311432,0,1
168,0,0,0,0,1,0,-1.5868546962738002,0,0,197131,7.64617681503296,7.982074737548831,0.0,0,0,0,0.952239632606506,0.9173740148544308,0,1
169,0,0,0,0,1,0,-1.87933993339539,0,0,199531,9.58524799346924,8.17554759979248,0.0,0,0,0,0.950850009918213,0.8960980176925659,0,1
170,0,0,0,0,0,0,0.560051679611206,0,1,195851,5.7850861549377415,9.88185501098633,3.6712245941162096,0,1,1,0.300412267446518,0.78773033618927,0,0
171,0,0,0,0,0,0,0.40372502803802507,0,1,196251,6.19287347793579,9.98525142669678,3.6712245941162096,0,1,0,0.300412267446518,0.78773033618927,0,0
172,0,0,0,0,0,0,0.237746581435204,0,1,197051,6.672235488891599,10.209905624389599,3.6712245941162096,0,1,0,0.300412267446518,0.78773033618927,0,0
173,1,0,0,0,0,0,0.26599332690239,0,1,197751,7.85192966461182,10.4149026870728,3.6712245941162096,0,1,0,0.300243228673935,0.78773033618927,0,0
174,1,1,0,0,0,0,0.47477999329567,0,0,195951,6.3561077117919895,8.7424144744873,1.94591009616852,0,1,0,0.642653584480286,0.434112012386322,1,0
175,1,0,0,0,0,0,0.193927109241486,0,1,198051,8.29804134368896,9.4043436050415,1.94591009616852,0,1,0,0.6156324148178101,0.434112012386322,0,0
176,0,0,0,0,1,0,-1.02186739444733,0,1,195751,6.91323041915894,7.46622753143311,0.993251800537109,0,0,0,0.810486197471619,0.7774918079376221,0,1
177,0,0,0,0,1,0,-1.22424972057343,0,1,196251,7.25950288772583,7.65633726119995,0.993251800537109,0,0,0,0.810486197471619,0.7774918079376221,0,1
178,0,0,0,0,1,0,-1.3714525699615498,0,1,196551,7.49680233001709,7.77821159362793,0.993251800537109,0,0,0,0.810486197471619,0.7774918079376221,0,1
179,0,0,0,1,0,0,-1.43409192562103,0,1,197151,7.73090410232544,7.94626379013062,0.993251800537109,0,0,0,0.810486197471619,0.7774918079376221,0,1
180,0,0,0,1,0,0,-1.27972543239594,0,1,197551,8.165798187255861,8.06117153167725,0.993251800537109,0,0,0,0.7200577259063721,0.752607524394989,0,1
181,0,0,0,1,0,0,-1.4188826084136998,0,1,197851,8.34429836273193,8.14525985717773,0.993251800537109,0,0,0,0.7200577259063721,0.752607524394989,0,1
182,0,0,0,1,0,0,-1.47355079650879,0,1,198151,8.595044136047362,8.213381767272951,0.993251800537109,0,0,0,0.7200577259063721,0.752607524394989,0,1
183,1,0,0,1,0,0,-1.7274453639984098,0,1,198751,9.04853630065918,8.31947326660156,0.993251800537109,0,0,0,0.720105528831482,0.7361416816711429,0,1
184,0,0,0,0,1,0,-1.0952445268631,0,0,196831,7.74665927886963,10.868054389953599,3.14415216445923,1,0,0,0.901369988918304,0.860531985759735,0,1
185,0,0,0,0,1,0,-1.6879094839096105,0,0,198931,9.51046466827393,10.943852424621598,3.14415216445923,1,0,0,0.899491012096405,0.736664712429047,0,1
186,0,0,0,0,1,0,-1.63141679763794,0,0,199431,9.81841278076172,10.949577331542999,3.14415216445923,1,0,0,0.891538798809052,0.68994003534317,0,1
187,0,0,0,0,0,0,0.28471407294273404,0,1,196312,6.11363792419434,8.27690315246582,0.336472243070602,0,0,0,0.175716429948807,0.4170145988464361,0,0
188,0,0,0,0,0,0,0.385045647621155,0,1,197212,6.808509349823001,8.61631393432617,0.336472243070602,0,0,0,0.165374308824539,0.404144167900085,0,0
189,0,0,0,0,0,0,0.537422955036163,0,1,198111,7.55624485015869,8.99429702758789,0.336472243070602,0,0,0,0.165374308824539,0.404144167900085,0,0
190,0,0,0,0,0,0,0.673666059970856,0,1,198411,7.4453592300415,9.12858772277832,0.336472243070602,0,0,0,0.165393382310867,0.39180609583854703,0,0
191,0,0,0,0,0,0,0.8566986322402951,0,1,199211,7.4499225616455105,9.43388366699219,0.336472243070602,0,0,0,0.17233821749687198,0.390923351049423,0,0
192,0,0,0,0,0,0,1.0090788602829,0,1,199711,7.57411670684814,9.572549819946287,0.336472243070602,0,0,0,0.17233821749687198,0.390923351049423,0,0
193,1,0,1,0,0,0,1.1477942466735802,0,1,200211,7.6145935058593786,9.66947269439697,0.336472243070602,0,0,1,0.168421998620033,0.378340214490891,1,0
194,0,0,0,0,1,0,-0.8226812481880191,0,0,196642,6.46852159500122,7.45876264572144,1.3350011110305802,0,0,0,0.625862002372742,0.571869790554047,0,1
195,0,0,0,0,1,0,-0.8864523768424991,0,0,197141,6.73564958572388,7.52023458480835,1.3350011110305802,0,0,0,0.625862002372742,0.571869790554047,0,1
196,0,0,0,0,1,0,-0.8014485836029049,0,0,197641,7.16200971603394,7.5933742523193395,1.3350011110305802,0,0,0,0.625862002372742,0.571869790554047,0,1
197,0,0,0,0,1,0,-0.82933896780014,0,0,198241,7.434434413909909,7.66528463363647,1.3350011110305802,0,0,0,0.6304553747177121,0.5217966437339779,0,1
198,1,1,0,0,0,0,0.203496560454369,0,0,195751,5.33469772338867,6.4997868537902805,2.72129535675049,0,0,0,0.956773340702057,0.855472207069397,1,0
199,1,0,0,0,0,0,-0.135969817638397,0,0,197051,6.53130006790161,7.2541780471801784,2.72129535675049,0,0,0,0.956773340702057,0.855472207069397,0,0
200,0,0,0,0,0,0,-0.108960129320621,0,0,197751,6.62813377380371,7.568895816802981,2.72129535675049,0,0,0,0.956278502941132,0.855472207069397,0,0
201,0,0,0,0,0,0,-0.163053140044212,0,0,198051,7.20749664306641,7.64730882644653,2.72129535675049,0,0,0,0.956278502941132,0.855472207069397,0,0
202,0,0,0,0,0,0,-0.274987161159515,0,0,198651,7.97580194473267,7.86557197570801,2.72129535675049,0,0,0,0.956659972667694,0.855472207069397,0,0
203,0,1,0,0,0,0,-0.369061678647995,0,0,199151,8.00063419342041,8.04237842559814,2.72129535675049,0,0,1,0.956659972667694,0.855472207069397,1,0
204,0,0,0,0,1,0,-0.97974169254303,0,1,196021,6.7806487083435085,11.4341526031494,2.7536606788635294,1,0,0,0.975273847579956,0.406203001737595,0,1
205,0,0,0,0,1,0,-1.90347230434418,0,1,197021,7.88986349105835,11.532188415527301,2.7536606788635294,1,0,0,0.975273847579956,0.406203001737595,0,1
206,0,0,0,0,1,0,-2.21582984924316,0,1,198321,9.20884418487549,11.675971031189,2.7536606788635294,1,0,0,0.9705452919006352,0.387951910495758,0,1
207,0,0,0,0,1,0,-2.34770560264587,0,1,198821,9.55030536651611,11.7074394226074,2.7536606788635294,1,0,0,0.9705452919006352,0.387951910495758,0,1
208,0,0,0,0,1,0,-2.24626660346985,0,1,199721,10.041818618774402,11.739837646484402,2.7536606788635294,1,0,0,0.978174209594727,0.363553732633591,0,1
209,0,0,0,0,0,0,0.0725317820906639,0,1,198011,6.372295379638669,9.62760257720947,3.3068866729736297,0,0,0,0.19213426113128695,0.19843706488609306,0,0
210,0,0,0,0,0,0,0.0697094574570656,0,1,198311,6.5732331275939915,9.74102783203125,3.3068866729736297,0,0,0,0.16720344126224498,0.21914355456829104,0,0
211,1,0,0,0,0,0,0.261284589767456,1,1,199111,6.91040182113647,10.034690856933599,3.3068866729736297,0,0,0,0.16720344126224498,0.21914355456829104,0,0
212,0,1,0,0,0,0,0.7634636759758,0,1,200311,7.18254947662354,10.343836784362802,3.3068866729736297,0,0,0,0.181441068649292,0.24518294632434806,1,0
213,0,0,0,0,0,0,-0.44097724556922896,0,0,196551,8.740016937255861,5.94017124176025,0.0,0,1,0,0.7888500094413761,0.525712490081787,0,0
214,0,0,0,0,0,0,-0.827956140041351,0,0,197151,8.9219913482666,6.5366916656494105,0.0,0,1,0,0.7888500094413761,0.525712490081787,0,0
215,0,0,0,0,0,0,-0.8793673515319821,0,0,198051,9.48044395446777,7.10987949371338,0.0,0,1,0,0.7888500094413761,0.525712490081787,0,0
216,0,0,0,0,0,0,-1.12960839271545,0,0,198751,9.48143577575684,7.450079441070559,0.0,0,1,0,0.731850028038025,0.515250623226166,0,0
217,0,0,0,0,0,0,0.33888477087020896,0,0,199451,7.86748838424683,8.40469646453857,4.04522466659546,0,0,0,0.410795986652374,0.34913820028305104,1,0
218,1,0,0,0,1,0,0.535544753074646,1,0,196021,5.924255847930911,7.64060401916504,3.60549783706665,0,1,1,0.503336012363434,0.470285534858704,0,1
219,0,0,0,0,0,0,0.8083335757255551,0,0,198721,7.200424671173098,8.19450569152832,3.60549783706665,0,1,0,0.518934011459351,0.459293514490128,0,0
220,0,0,0,0,0,0,0.96974790096283,0,0,199721,7.26950550079346,8.452334403991701,3.60549783706665,0,1,0,0.518930017948151,0.478824317455292,0,0
221,0,0,0,0,0,0,0.5620757937431341,0,0,196111,5.36129236221313,6.9324479103088406,0.470003634691238,0,0,0,0.195187911391258,0.3689427673816679,0,0
222,0,0,0,0,0,0,0.64146101474762,0,0,197711,6.285997867584231,7.38087892532349,0.470003634691238,0,0,0,0.192382752895355,0.33132573962211603,0,0
223,1,0,0,0,0,0,0.877136766910553,0,0,198511,6.7393364906311,7.63867998123169,0.470003634691238,0,0,0,0.192021518945694,0.29931104183196994,0,0
224,1,0,1,0,0,0,-0.3169289529323581,0,1,195851,6.4952654838562,7.41276407241821,4.0621657371521005,0,0,0,0.8904099464416501,0.252781212329865,1,0
225,0,0,1,0,0,0,-0.676242649555206,0,1,197052,6.74758672714233,7.75662326812744,4.0621657371521005,0,0,0,0.8904099464416501,0.252781212329865,1,0
226,1,0,1,0,0,0,-0.546104073524475,0,1,197551,6.9920964241027805,7.894690990448001,4.0621657371521005,0,0,0,0.8862000107765201,0.253917127847672,1,0
227,1,0,0,1,0,0,0.212861940264702,0,0,197011,5.47441101074219,6.89669418334961,4.4212474822998,0,0,0,0.881575703620911,0.333717286586761,0,1
228,1,0,1,0,0,0,0.8681205511093141,0,0,199812,7.18535661697388,7.441906929016111,4.4212474822998,0,0,0,0.88087797164917,0.3806779682636261,0,1
229,0,0,0,0,0,0,0.6168070435523989,0,0,195951,6.45833826065063,7.0950641632080105,1.95469844341278,0,1,0,0.8235512375831601,0.9607999920845028,0,0
230,0,0,0,0,0,0,0.306311279535294,0,0,196551,6.55250787734985,7.31654834747314,1.95469844341278,0,1,0,0.8235512375831601,0.9607999920845028,0,0
231,0,0,0,0,0,0,0.0116055458784103,0,0,198052,7.595890045166018,7.9309253692627,1.95469844341278,0,1,0,0.868684113025665,0.980199992656708,0,0
232,0,0,0,0,0,0,-0.0556271113455296,0,0,199151,8.49801063537598,8.3459300994873,1.95469844341278,0,1,0,0.8599500060081479,0.980199992656708,0,0
233,0,0,0,0,1,0,-0.93826961517334,0,0,199431,8.72143936157227,8.21419429779053,0.0,0,0,0,0.676987111568451,0.575521767139435,0,1
234,0,0,0,0,0,0,0.177228167653084,0,1,196312,5.212432861328121,6.931471824646,0.0,0,0,0,0.4047518968582151,0.941799998283386,1,0
235,0,0,0,0,0,0,0.294756382703781,0,1,196911,6.06777715682983,7.06902360916138,0.0,0,0,0,0.4047518968582151,0.941799998283386,0,0
236,0,0,0,0,0,0,0.563186824321747,0,1,198511,6.98988819122314,7.45587682723999,0.0,0,0,0,0.40303122997283897,0.980199992656708,0,0
237,0,0,0,0,0,0,0.7953738570213321,0,1,199511,7.11463928222656,7.6889133453369105,0.0,0,0,0,0.399513870477676,0.996007978916168,0,0
238,0,0,0,0,0,0,0.7761669754981991,0,1,199811,7.1436018943786594,7.7672638893127415,0.0,0,0,0,0.399513870477676,0.996007978916168,0,0
239,0,1,0,0,0,0,0.309641271829605,0,0,196511,5.88887786865234,8.6681957244873,3.52046084403992,0,0,0,0.200875997543335,0.345984548330307,1,0
240,0,1,0,0,0,0,0.38082319498062106,0,0,196911,5.95583724975586,8.76873016357422,3.52046084403992,0,0,0,0.200875997543335,0.345984548330307,1,0
241,0,1,0,0,0,0,0.35811275243759205,0,0,197212,6.1114673614502,8.8449125289917,3.52046084403992,0,0,0,0.20094183087348896,0.324904233217239,1,0
242,0,0,0,0,0,0,0.463920474052429,0,0,198111,6.51174545288086,9.08273410797119,3.52046084403992,0,0,0,0.20094183087348896,0.324904233217239,0,0
243,0,0,0,0,0,0,0.7316524386405941,0,0,199211,6.67076635360718,9.38898849487305,3.52046084403992,0,0,0,0.201042979955673,0.303214132785797,0,0
244,0,0,0,1,0,0,0.853762447834015,0,0,199611,6.58892631530762,9.50263690948486,3.52046084403992,0,0,1,0.201042979955673,0.303214132785797,0,1
245,0,0,0,0,1,0,-0.137425169348717,0,0,196022,6.05187749862671,8.94298362731934,2.7536606788635294,1,0,0,0.370951801538467,0.347232013940811,0,1
246,1,0,0,0,1,0,-0.436886698007584,0,0,196921,6.491345405578611,9.21473026275635,2.7536606788635294,1,0,0,0.370951801538467,0.347232013940811,0,1
247,0,0,1,0,0,0,-0.4570813477039339,0,0,199621,8.93819427490234,9.89540481567383,2.7536606788635294,1,0,0,0.339694947004318,0.37432190775871294,1,0
248,0,0,0,1,0,0,-0.382829904556274,0,0,197011,6.84025764465332,6.6833610534668,0.0,0,0,0,0.5230758786201479,0.362291485071182,0,1
249,0,0,0,0,1,0,-0.7572849988937379,0,0,199112,8.908525466918949,6.95368432998657,0.0,0,0,0,0.5225543379783629,0.36430123448371904,0,1
250,0,0,0,0,1,0,-0.7841189503669742,0,0,199411,9.16165828704834,6.986566543579099,0.0,0,0,0,0.537551283836365,0.362431049346924,0,1
251,0,0,0,0,1,0,-0.654130518436432,0,0,199911,9.41138935089111,7.0475172996521,0.0,0,0,0,0.537551283836365,0.362431049346924,0,1
252,0,0,0,0,0,0,0.6303650736808779,0,0,196911,5.08747291564941,8.337109565734862,2.28238248825073,0,0,0,0.18245850503444694,0.233415603637695,0,0
253,0,0,0,0,0,0,0.6687692403793329,0,0,197311,5.42296552658081,8.44397735595703,2.28238248825073,0,0,0,0.18245850503444694,0.233415603637695,0,0
254,0,0,0,0,0,0,0.950710952281952,0,0,199012,6.19266939163208,9.0655460357666,2.28238248825073,0,0,0,0.182435750961304,0.23068614304065696,0,0
255,0,0,0,1,0,0,1.0424904823303198,0,0,199711,6.45760154724121,9.2150297164917,2.28238248825073,0,0,1,0.187764793634415,0.236804366111755,0,1
256,0,0,0,0,0,0,-0.0217873547226191,0,0,196141,6.80440378189087,10.486345291137699,3.4719665050506605,0,0,0,0.414649993181229,0.928626835346222,0,0
257,0,0,0,0,0,0,-0.28209024667739896,0,0,196642,7.0594801902771,10.6409387588501,3.4719665050506605,0,0,0,0.414649993181229,0.928626835346222,0,0
258,0,0,0,0,0,0,-0.284370809793472,0,0,197741,7.90226173400879,10.986952781677198,3.4719665050506605,0,0,0,0.4124229550361629,0.910601317882538,0,0
259,0,1,0,0,0,0,-0.280207395553589,0,0,198441,8.650844573974611,11.1673746109009,3.4719665050506605,0,1,0,0.412421643733978,0.8993227481842041,1,0
260,0,1,0,0,0,0,-0.28835028409957897,0,0,199141,8.69375514984131,11.3103561401367,3.4719665050506605,0,1,1,0.412421643733978,0.8993227481842041,1,0
261,0,0,0,0,0,0,0.44275757670402505,0,0,196411,5.281883239746089,8.44160747528076,0.336472243070602,0,0,0,0.249392837285995,0.630599975585938,0,0
262,0,0,0,0,0,0,0.5213882327079771,0,0,197011,5.36373043060303,8.58429050445557,0.336472243070602,0,0,0,0.249392837285995,0.630599975585938,0,0
263,1,0,0,0,0,0,1.03364133834839,0,0,199011,6.428686618804929,9.058004379272461,0.336472243070602,0,0,0,0.244085475802422,0.68860000371933,0,0
264,0,0,0,1,0,0,1.20397281646729,0,0,199812,6.69990682601929,9.27265739440918,0.336472243070602,0,0,0,0.205571115016937,0.756600022315979,0,1
265,0,0,0,0,0,0,0.21599702537059806,0,0,195821,6.19031524658203,6.768493175506589,3.61899328231812,0,0,0,0.723955810070038,0.495442003011703,0,0
266,0,0,0,0,0,0,0.259541988372803,0,0,196121,6.25766754150391,6.840546607971191,3.61899328231812,0,0,0,0.723955810070038,0.495442003011703,0,0
267,0,0,0,0,0,0,0.115344606339931,0,0,197021,6.4409465789794895,7.07918453216553,3.61899328231812,0,0,0,0.723955810070038,0.495442003011703,0,0
268,0,0,0,0,0,0,0.464612782001495,0,0,198321,7.305188179016111,7.443078517913821,3.61899328231812,0,0,0,0.711328029632568,0.487136006355286,0,0
269,0,0,0,0,0,0,0.5183444619178771,0,0,198921,7.56268119812012,7.61775970458984,3.61899328231812,0,0,0,0.711328029632568,0.487136006355286,0,0
270,0,0,0,1,0,0,0.602000117301941,0,0,199621,7.38190031051636,7.76895618438721,3.61899328231812,0,0,1,0.70786052942276,0.323271989822388,0,1
271,0,1,0,0,0,0,0.584730088710785,0,0,195851,5.59340953826904,9.25032997131348,3.85439395904541,0,0,0,0.5024983286857599,0.960618019104004,1,0
272,1,0,1,0,0,0,0.336536973714828,0,0,196551,6.13090038299561,9.4423246383667,3.85439395904541,0,0,1,0.5024983286857599,0.960618019104004,1,0
273,0,0,0,0,0,0,0.297376781702042,0,0,197052,6.3475642204284695,9.5819034576416,3.85439395904541,0,0,0,0.5024983286857599,0.960618019104004,0,0
274,1,0,0,0,0,0,0.3605368733406071,0,0,197552,6.6327919960022,9.71172142028809,3.85439395904541,0,0,0,0.502130687236786,0.994018018245697,0,0
275,1,0,1,0,0,0,0.328590273857117,0,1,196121,4.31748819351196,9.95967864990234,3.60004830360413,0,0,0,0.603637933731079,0.739683449268341,0,1
276,0,0,0,0,0,0,1.2918598651886002,0,0,199511,6.77012395858765,9.60609149932861,1.2237753868103,0,0,0,0.22883753478527105,0.28080916404724104,0,0
277,0,0,0,1,0,0,1.2978725433349598,0,0,199812,6.74940395355225,9.70528030395508,1.2237753868103,0,0,1,0.22883753478527105,0.28080916404724104,0,1
278,0,0,0,1,0,0,0.35814625024795504,0,0,199612,8.38904857635498,7.3765082359314,2.47653841972351,0,0,0,0.3313570618629461,0.343221098184586,0,1
279,0,0,0,1,0,0,0.476283609867096,0,1,199911,8.39417552947998,7.46737098693848,2.47653841972351,0,0,0,0.3313570618629461,0.343221098184586,0,1
280,0,0,0,1,0,0,0.7848385572433471,0,0,200311,8.53719234466553,7.5652751922607395,2.47653841972351,0,0,0,0.33407399058342,0.347209066152573,0,1
281,1,0,0,0,0,1,0.6838549375534061,0,0,196022,5.12396383285522,9.177713394165039,4.31347990036011,0,0,1,0.349140405654907,0.7749451398849491,0,0
282,0,0,0,0,0,0,0.427424311637878,0,0,196721,5.26325988769531,9.303831100463867,4.31347990036011,0,0,0,0.349140405654907,0.7749451398849491,0,0
283,0,0,0,0,0,0,0.466148138046265,0,0,197121,5.42093324661255,9.38160133361816,4.31347990036011,0,0,0,0.349140405654907,0.7749451398849491,0,0
284,0,1,0,0,0,0,0.538100063800812,0,0,198321,6.34971570968628,9.62911605834961,4.31347990036011,0,0,1,0.4064962863922121,0.8158723711967472,1,0
285,1,0,0,1,0,0,0.758452296257019,0,0,199621,7.063219547271731,9.92588520050049,4.31347990036011,0,0,0,0.451736211776733,0.8221944570541379,1,0
286,0,0,0,0,1,0,-1.43411219120026,0,1,195622,7.66455316543579,7.66669034957886,3.3775875568389906,1,0,0,0.8691948056221009,0.35743236541748,0,1
287,0,0,0,0,1,0,-1.36796498298645,0,1,196022,7.72961664199829,7.72973537445068,3.3775875568389906,1,0,0,0.8691948056221009,0.35743236541748,0,1
288,0,0,0,0,1,0,-1.72314047813416,0,1,196621,8.08339691162109,7.856319427490232,3.3775875568389906,1,0,0,0.8691948056221009,0.35743236541748,0,1
289,0,0,0,0,1,0,-1.70069944858551,0,1,196921,8.139682769775389,7.90248727798462,3.3775875568389906,1,0,0,0.8691948056221009,0.35743236541748,0,1
290,0,0,0,0,1,0,-1.71633565425873,0,0,198322,9.08364772796631,8.049107551574709,3.3775875568389906,1,0,0,0.808803915977478,0.357968837022781,0,1
291,0,0,0,0,1,0,-1.86196374893188,0,0,200021,9.8028621673584,8.22121047973633,3.3775875568389906,1,0,0,0.7867402434349059,0.377991795539856,0,1
292,0,0,0,0,0,0,0.200626879930496,0,0,196842,6.94688940048218,7.5326237678527805,2.33214402198792,0,0,0,0.553186595439911,0.92865526676178,0,0
293,1,0,0,0,0,0,0.0973429828882217,0,0,197842,7.61296939849854,7.85438108444214,2.33214402198792,0,0,0,0.511692881584167,0.901723682880402,0,0
294,1,0,1,0,0,0,0.172486364841461,0,0,196411,5.34601163864136,10.578700065612802,1.2237753868103,0,0,0,0.19434142112731895,0.298599988222122,0,1
295,1,0,0,0,0,1,0.33145689964294395,0,0,198012,6.49381446838379,11.009009361267099,1.2237753868103,0,1,1,0.178482830524445,0.306575745344162,0,0
296,0,0,0,0,0,0,0.552506744861603,0,1,199212,6.89064979553223,11.362312316894501,1.2237753868103,0,1,0,0.18929806351661704,0.312540709972382,1,0
297,0,0,0,0,0,0,0.661992013454437,0,1,199612,6.57805585861206,11.480949401855499,1.2237753868103,0,1,0,0.18929806351661704,0.312540709972382,0,0
298,0,0,0,0,0,0,0.703701376914978,0,1,199911,6.872003555297849,11.5675649642944,1.2237753868103,0,1,0,0.18929806351661704,0.312540709972382,0,0
299,0,0,0,0,0,0,0.260212540626526,0,0,196312,5.88284873962402,8.09070873260498,1.13140213489532,0,0,0,0.27226328849792497,0.72816801071167,0,0
300,0,0,0,0,0,0,0.366562575101852,0,0,197011,6.025189399719241,8.27333641052246,1.13140213489532,0,0,0,0.27226328849792497,0.72816801071167,0,0
301,0,0,0,0,0,0,0.466851443052292,0,0,197311,6.07956695556641,8.35702419281006,1.13140213489532,0,0,0,0.28614884614944497,0.747879981994629,0,0
302,0,0,0,0,0,0,0.9217234253883358,0,1,199012,6.670056343078611,8.87863636016846,1.13140213489532,0,0,0,0.28624290227890004,0.7758859992027279,0,0
303,1,0,1,0,0,0,1.19410836696625,0,1,199611,6.68672180175781,9.075093269348141,1.13140213489532,0,0,1,0.360802233219147,0.8378959894180301,0,1
304,0,0,0,0,1,0,-1.53402280807495,0,0,195831,7.52700281143188,8.14844608306885,3.4144425392150897,0,0,0,0.976288020610809,0.976216018199921,0,1
305,0,0,0,0,1,0,-1.9609626531601,0,0,196831,7.96341466903687,8.23031044006348,3.4144425392150897,0,0,0,0.976288020610809,0.976216018199921,0,1
306,0,0,0,0,1,0,-2.07819080352783,0,0,199531,9.93976402282715,8.36892509460449,3.4144425392150897,0,1,0,0.8867340087890621,0.9133106470108028,0,1
307,0,0,0,0,1,0,-1.58234143257141,0,0,195831,7.478650093078611,9.29569244384766,0.0,1,0,0,0.913843274116516,0.363628000020981,0,1
308,0,0,0,0,1,0,-2.03642892837524,0,0,196731,7.91036319732666,9.416948318481447,0.0,1,0,0,0.913843274116516,0.363628000020981,0,1
309,0,0,0,0,1,0,-1.97301208972931,0,0,197431,8.451694488525389,9.49597072601318,0.0,1,0,0,0.878553569316864,0.343323290348053,0,1
310,0,0,0,0,1,0,-1.99309837818146,0,0,199132,9.67740440368652,9.60589027404785,0.0,1,0,0,0.844091951847076,0.32008397579193104,0,1
311,0,0,0,0,0,0,0.705280780792236,0,0,195851,6.19847869873047,6.246106624603269,1.3350011110305802,0,1,0,0.7816240191459659,0.66650652885437,0,0
312,0,0,0,0,0,0,0.5308234691619871,0,0,196251,6.280395984649661,6.33682584762573,1.3350011110305802,0,1,0,0.7816240191459659,0.66650652885437,0,0
313,1,0,0,0,0,0,0.3597874939441679,0,0,197052,6.12905025482178,6.5496506690979,1.3350011110305802,0,1,0,0.7816240191459659,0.66650652885437,0,0
314,0,0,0,0,0,0,-0.0421693995594978,0,0,198751,9.12685012817383,7.331060409545901,1.3350011110305802,0,0,0,0.7713900208473209,0.529978811740875,0,0
315,1,0,0,0,0,0,0.681559562683105,1,1,198322,6.69293928146362,11.3311281204224,3.78418970108032,0,0,0,0.403572171926498,0.546059489250183,0,0
316,1,0,1,0,0,0,-0.484664797782898,0,1,196841,6.7277312278747585,7.20117092132568,2.56494927406311,0,0,0,0.5310348868370061,0.7915387153625492,1,0
317,0,0,0,0,0,0,-0.351487010717392,0,1,196341,6.1456437110900906,7.54221343994141,0.741937339305878,0,0,0,0.907849311828613,0.927753508090973,0,0
318,0,0,0,0,0,0,-0.346050679683685,0,1,196642,6.25477075576782,7.61579084396362,0.741937339305878,0,0,0,0.907849311828613,0.927753508090973,0,0
319,0,0,0,0,0,0,-0.434123188257217,0,1,197041,6.47626447677612,7.71423101425171,0.741937339305878,0,0,0,0.907849311828613,0.927753508090973,0,0
320,0,0,0,0,0,0,-0.338317811489105,0,1,197641,6.98771190643311,7.85825395584106,0.741937339305878,0,0,0,0.905403733253479,0.916214942932129,0,0
321,0,0,0,0,0,0,-0.20577031373977694,0,1,198241,7.787158012390139,8.04366302490234,0.741937339305878,0,0,0,0.905248641967773,0.916225016117096,0,0
322,0,0,1,0,0,0,-0.0620033256709576,0,1,199141,8.18987464904785,8.3172779083252,0.741937339305878,0,0,1,0.905248641967773,0.916225016117096,1,0
323,1,0,1,0,0,0,0.105553269386292,0,0,196842,7.047725677490232,9.37560081481934,3.8836236000061,0,0,0,0.4108560085296629,0.924179971218109,1,0
324,0,0,0,0,0,0,0.0773655325174332,0,0,197141,7.19777965545654,9.45946311950684,3.8836236000061,0,0,1,0.4108560085296629,0.924179971218109,0,0
325,1,0,1,0,0,0,0.203787177801132,0,0,198241,7.99342775344849,9.759847640991213,3.8836236000061,0,0,1,0.410728931427002,0.8920400142669681,0,1
326,0,0,1,0,0,0,-0.151272490620613,0,0,195822,6.00354146957397,10.0831804275513,3.10458660125732,1,0,0,0.309080302715302,0.574260950088501,1,0
327,0,0,1,0,0,0,-0.14094798266887698,0,0,196122,6.146050930023191,10.1747350692749,3.10458660125732,1,0,0,0.309080302715302,0.574260950088501,1,0
328,1,0,1,0,0,0,-0.334041118621826,0,0,196922,6.41365575790405,10.4195098876953,3.10458660125732,1,0,0,0.309080302715302,0.574260950088501,1,0
329,1,0,1,0,0,0,0.428593337535858,0,1,195821,5.22912788391113,11.329963684082001,3.78418970108032,1,0,1,0.36386895179748496,0.5633394718170172,0,1
330,0,0,0,0,0,0,0.470138311386108,0,1,196122,5.30673170089722,11.3716268539429,3.78418970108032,1,0,1,0.36386895179748496,0.5633394718170172,0,0
331,0,0,1,0,0,0,0.29698446393013,0,1,196621,5.41698884963989,11.5205163955688,3.78418970108032,1,0,1,0.36386895179748496,0.5633394718170172,1,0
332,1,0,0,0,0,1,0.319446295499802,0,1,197121,5.77237510681152,11.624734878539998,3.78418970108032,1,0,1,0.36386895179748496,0.5633394718170172,0,0
333,1,0,0,0,1,0,0.414231598377228,0,1,198921,7.85031795501709,8.25009822845459,3.60004830360413,1,0,0,0.672715604305267,0.5161367654800421,0,1
334,0,0,0,0,0,0,-0.7200108170509342,0,0,196831,7.01121377944946,10.3647022247314,0.587786674499512,0,0,0,0.976764678955078,0.773709535598755,0,0
335,0,0,0,0,0,0,-0.8054832816123959,0,0,197131,7.13169860839844,10.386746406555199,0.587786674499512,0,0,0,0.976764678955078,0.773709535598755,0,0
336,0,0,0,1,0,0,-0.960332691669464,0,0,199132,8.71938133239746,10.5446043014526,0.587786674499512,0,0,1,0.962275385856628,0.8528688549995419,1,0
337,0,0,0,0,1,0,-1.31704998016357,0,0,198931,8.95204067230225,9.208639144897461,1.91692280769348,1,0,0,1.0,0.8980674147605899,0,1
338,0,0,0,0,1,0,-1.5243057012558,0,0,199532,9.39525508880615,9.199380874633787,1.91692280769348,1,0,0,0.9920319914817808,0.8384371399879459,0,1
339,0,0,0,0,0,0,-0.265216737985611,0,0,195822,5.29831743240356,9.25779628753662,2.26456999778748,0,0,0,1.0,0.34775200486183194,0,0
340,0,0,0,0,0,0,-0.462325274944305,0,0,196921,5.64544677734375,9.498372077941893,2.26456999778748,0,0,0,1.0,0.34775200486183194,0,0
341,0,0,0,0,0,0,-0.5070642828941351,0,0,197221,5.80513477325439,9.574774742126461,2.26456999778748,0,0,0,1.0,0.417991995811462,0,0
342,0,0,0,0,0,0,-0.340782582759857,0,0,198322,6.59167385101318,9.76680850982666,2.26456999778748,0,0,0,1.0,0.5272815227508539,0,0
343,0,0,0,0,0,0,-0.122024178504944,0,0,197552,9.64717483520508,4.99043273925781,0.0,0,1,0,0.727979123592377,0.8967403173446659,0,0
344,0,0,0,0,0,0,-0.432691931724548,0,0,199251,9.65542793273926,6.14632940292358,0.0,0,1,0,0.33239671587944003,0.6178572773933411,0,0
345,0,1,0,0,0,0,-0.23218233883380895,0,0,195622,5.69722747802734,9.9721736907959,2.29253482818604,1,0,0,1.0,0.4913768470287321,1,0
346,1,1,0,0,0,0,-0.348396509885788,0,0,196122,5.83586263656616,10.096996307373,2.29253482818604,1,0,0,1.0,0.4913768470287321,1,0
347,0,0,1,0,0,0,-0.789636135101318,0,0,196721,6.07479429244995,10.258711814880401,2.29253482818604,1,0,1,1.0,0.4913768470287321,1,0
348,1,0,1,0,0,0,-0.784559547901154,0,0,197221,6.669447422027591,10.3710823059082,2.29253482818604,1,0,0,1.0,0.347714394330978,1,0
349,0,0,0,0,0,0,-0.788150191307068,0,0,198322,8.01945114135742,10.563129425048801,2.29253482818604,1,0,1,1.0,0.24073371291160606,1,0
350,0,0,0,0,0,0,-0.9707071185112,0,0,198721,8.49340438842773,10.616584777832001,2.29253482818604,1,0,0,1.0,0.24073371291160606,1,0
351,0,0,0,1,0,0,-1.4998490810394298,0,0,200021,9.51944255828857,10.7401285171509,2.29253482818604,1,0,0,1.0,0.195502251386642,0,1
352,1,0,0,0,0,0,0.0532724671065807,0,1,198931,8.31448173522949,10.042292594909698,2.89037179946899,0,0,0,0.7611023187637329,0.6270023584365839,0,0
353,1,0,1,0,0,0,-0.6692796945571899,0,0,199431,9.0446834564209,11.910270690917999,2.72129535675049,1,1,0,0.659946799278259,0.424072265625,0,1
354,1,1,0,0,0,0,0.339954018592834,0,0,195822,5.17614984512329,9.41735458374023,2.9957323074340803,0,0,0,0.742203593254089,0.460472166538239,1,0
355,0,1,0,0,0,0,0.5036053657531739,0,1,197213,5.51644849777222,8.23642063140869,4.30945587158203,0,0,0,0.7422000169754029,0.329897165298462,1,0
356,0,0,0,0,0,0,0.6260979175567629,0,1,198012,6.10038614273071,8.48652744293213,4.30945587158203,0,0,0,0.7422000169754029,0.329897165298462,0,0
357,0,0,0,0,0,0,0.768976211547852,0,1,198411,6.55616760253906,8.60263633728027,4.30945587158203,0,0,0,0.7422000169754029,0.3908939957618711,0,0
358,1,0,0,0,0,0,0.883863985538483,0,1,199012,6.72234106063843,8.81031036376953,4.30945587158203,0,0,0,0.7422000169754029,0.3908939957618711,0,0
359,0,1,0,0,0,0,-0.138469681143761,0,1,196111,6.94417381286621,9.73873043060303,2.16332292556763,0,0,0,0.172524139285088,0.32042127847671503,1,0
360,0,1,0,0,0,0,-0.3901770412921911,0,1,196711,7.17317628860474,9.89505195617676,2.16332292556763,0,0,0,0.172524139285088,0.32042127847671503,1,0
361,0,1,0,0,0,0,-0.3335986733436581,0,1,197213,7.544628143310549,10.028223991394,2.16332292556763,0,0,0,0.170521646738052,0.311408817768097,1,0
362,1,1,0,0,0,0,-0.0630391091108322,0,1,198411,8.57415390014648,10.3302249908447,2.16332292556763,0,0,0,0.170524716377258,0.30343797802925104,1,0
363,0,1,0,0,0,0,0.10924968123436,0,1,197041,6.950584888458249,8.11969661712646,2.4248027801513703,0,0,0,0.872739970684052,0.9450839757919308,1,0
364,1,1,0,0,0,0,0.223143547773361,0,1,197741,7.42842245101929,8.3236083984375,2.4248027801513703,0,0,0,0.871972918510437,0.908955991268158,1,0
365,0,0,0,0,0,0,0.684844315052032,0,1,195751,6.94985628128052,8.18674278259277,2.52572870254517,0,1,0,0.967088162899017,0.745000004768372,0,0
366,0,0,0,0,0,0,0.0740215480327606,0,1,197851,8.60318756103516,8.9420690536499,2.52572870254517,0,1,0,0.9759776592254642,0.745000004768372,0,0
367,0,0,0,0,0,0,0.0,0,1,198151,8.788745880126951,9.11074066162109,2.52572870254517,0,1,0,0.9759776592254642,0.745000004768372,0,0
368,0,0,0,0,0,0,-0.1281598508358,0,1,198751,9.025575637817381,9.46591281890869,2.52572870254517,0,1,0,0.9758040308952328,0.745000004768372,0,0
369,1,1,0,0,0,0,0.11244771629571902,0,0,196211,6.15245628356934,8.066835403442381,0.0,0,0,0,0.247061744332314,0.8049520254135129,1,0
370,0,0,0,0,0,0,0.00406964216381311,0,0,196711,6.16896200180054,8.19588565826416,0.0,0,0,1,0.247061744332314,0.8049520254135129,0,0
371,0,1,0,0,0,0,0.27259182929992704,0,0,198311,6.78933191299438,8.647519111633299,0.0,0,1,0,0.223595172166824,0.8290879726409909,1,0
372,1,1,0,0,0,0,0.4054650962352751,0,1,199211,7.2480983734130895,8.90177536010742,0.0,0,0,0,0.21079607307910894,0.8686000108718871,1,0
373,1,0,1,0,0,0,0.652457356452942,0,0,196711,5.88790798187256,7.79564666748047,0.993251800537109,0,0,0,0.252442359924316,0.421662509441376,0,1
374,1,0,0,0,0,0,1.2363100051879898,0,1,199112,6.97364616394043,8.291796684265138,0.993251800537109,0,0,0,0.25242537260055503,0.409000009298325,0,0
375,0,1,0,0,0,0,-1.56762337684631,0,0,197121,7.18723392486572,7.61923360824585,0.0,0,0,0,0.606218457221985,0.3669860661029821,1,0
376,0,1,0,0,0,0,-1.48816192150116,0,0,197421,7.64117527008057,7.67461729049683,0.0,0,0,0,0.606218457221985,0.3669860661029821,1,0
377,0,1,0,0,0,0,-1.77802932262421,0,0,198323,8.86247825622559,7.80913543701172,0.0,0,0,0,0.61929726600647,0.3632175922393801,1,0
378,0,1,0,0,0,0,-1.7991396188736,0,0,198821,9.200906753540039,7.925518989562991,0.0,0,0,0,0.61929726600647,0.3632175922393801,1,0
379,0,0,1,0,0,0,-1.32677471637726,0,1,199532,9.04479598999023,8.58054351806641,2.13908839225769,0,0,0,0.715799987316132,0.498513579368591,0,1
380,0,0,0,1,0,0,0.6809837222099301,0,0,196411,5.86363124847412,7.9909152984619105,2.6100697517395,0,0,0,0.680000007152557,1.0,0,1
381,1,0,0,1,0,0,0.769281506538391,0,0,196911,5.79301357269287,8.11611843109131,2.6100697517395,0,0,0,0.680000007152557,1.0,0,1
382,1,0,0,0,0,0,0.929439187049866,0,1,198812,6.804614543914791,8.80941486358643,2.6100697517395,0,0,0,0.680055201053619,1.0,0,0
383,0,0,0,0,1,0,-1.85589730739594,0,0,199132,9.35981369018555,10.5752325057983,3.1179499626159703,1,0,0,0.567526161670685,0.935994029045105,0,1
384,0,0,0,1,0,0,-0.447837322950363,0,1,196122,5.7586178779602095,9.153135299682619,2.1162555217742898,0,0,0,0.565543234348297,0.48058944940567,0,1
385,0,0,0,1,0,0,-0.683844804763794,0,1,196621,5.8233122825622585,9.28191661834717,2.1162555217742898,0,0,0,0.565543234348297,0.48058944940567,0,1
386,0,0,0,1,0,0,-0.6612083315849301,0,1,196922,5.91206932067871,9.35244750976562,2.1162555217742898,0,0,0,0.565543234348297,0.48058944940567,0,1
387,1,0,1,0,0,0,-0.7008573412895199,0,1,198323,7.023652076721191,9.59906578063965,2.1162555217742898,0,0,0,0.5680654644966129,0.488102108240128,0,1
388,1,0,0,0,0,0,0.39878642559051497,1,0,198311,6.56667232513428,9.90388774871826,2.01490306854248,0,0,0,0.360936790704727,0.61872798204422,0,0
389,1,0,1,0,0,0,0.533232808113098,0,0,197311,6.7979402542114284,6.122492790222171,2.7850112915039102,0,0,0,0.8377050757408141,0.269297987222672,1,0
390,0,0,0,0,0,0,0.241018906235695,0,0,199112,7.87891292572021,6.710523128509519,2.7850112915039102,0,0,0,0.846607506275177,0.273272007703781,0,0
391,0,0,0,0,0,0,0.35595005750656106,0,0,199411,7.79358673095703,6.78784513473511,2.7850112915039102,0,0,0,0.7702215313911441,0.27686849236488303,0,0
392,0,0,0,0,1,0,-2.4619171619415297,0,0,199831,9.9458065032959,9.08817291259766,1.2809338569641102,0,0,0,0.7842659950256351,0.500529229640961,0,1
393,0,0,0,0,1,0,-2.07821536064148,0,1,199631,10.063316345214801,8.86460494995117,4.21803617477417,0,0,0,0.475169986486435,0.43187004327774,0,1
394,0,0,0,0,0,0,0.00727981887757778,0,0,197052,6.18183708190918,8.69684410095215,1.85629796981812,0,1,0,0.8325999975204471,0.472442001104355,0,0
395,1,0,0,0,0,0,-0.0813913270831108,1,0,198151,7.66344976425171,9.06473636627197,1.85629796981812,0,1,0,0.8275859951972958,0.47443288564682,0,0
396,0,0,0,0,0,0,-0.0103843091055751,1,0,199251,8.10796356201172,9.4506950378418,1.85629796981812,0,1,0,0.8302118182182309,0.503512024879456,0,0
397,0,0,0,0,0,0,-0.33142662048339805,0,1,195622,5.4961433410644505,9.0945930480957,3.86283278465271,0,0,0,1.0,0.4470231235027311,0,0
398,0,0,0,0,0,0,-0.19260273873806,0,1,196022,5.65616655349731,9.19532871246338,3.86283278465271,0,0,0,1.0,0.4470231235027311,0,0
399,0,0,0,0,0,0,-0.662361800670624,0,1,196521,5.98662805557251,9.36717319488525,3.86283278465271,0,0,0,1.0,0.4470231235027311,0,0
400,0,0,0,0,0,0,-0.846284151077271,0,1,196922,6.377356052398679,9.495218276977539,3.86283278465271,0,0,0,1.0,0.4470231235027311,0,0
401,0,0,0,0,0,0,-1.02818155288696,0,1,197221,6.74881839752197,9.59396839141846,3.86283278465271,0,0,0,0.648341953754425,0.435612261295319,0,0
402,0,0,0,0,0,0,-1.07133781909943,0,1,198323,8.22200870513916,9.80681133270264,3.86283278465271,0,0,0,0.6483158469200129,0.424869477748871,0,0
403,0,0,0,0,0,0,-0.9995552897453308,0,1,198721,8.65398216247559,9.86026668548584,3.86283278465271,0,0,0,0.6483158469200129,0.424869477748871,0,0
404,0,0,0,0,0,0,0.5375606417655939,0,0,196511,4.75703239440918,9.317219734191893,3.12236499786377,0,0,0,0.207745283842087,0.266842067241669,0,0
405,0,0,0,0,0,0,0.4935567378997801,0,0,198012,5.9264192581176784,9.782392501831053,3.12236499786377,0,0,0,0.207745283842087,0.266842067241669,0,0
406,0,0,0,0,0,0,0.603793501853943,0,0,198812,6.2848801612854,10.037974357605,3.12236499786377,0,0,0,0.193483889102936,0.252668857574463,0,0
407,0,0,0,0,0,0,0.765852153301239,0,0,199212,6.07212257385254,10.168463706970199,3.12236499786377,0,0,0,0.188585698604584,0.259784549474716,0,0
408,0,1,0,0,0,0,1.02629160881042,0,0,199812,6.155706882476809,10.364797592163098,3.12236499786377,0,0,1,0.188585698604584,0.259784549474716,1,0
409,0,1,0,0,0,0,-0.0404829531908035,0,0,195822,5.24254035949707,10.0632648468018,1.85629796981812,0,0,1,0.356441497802734,0.8553795814514159,1,0
410,1,0,0,0,0,0,-0.28843754529953003,0,0,196521,5.77892065048218,10.285069465637198,1.85629796981812,0,0,0,0.356441497802734,0.8553795814514159,0,0
411,0,0,0,0,0,0,0.441629528999329,0,0,196211,5.42653465270996,7.32909393310547,0.0,0,0,0,0.189929902553558,0.471938014030457,0,0
412,0,0,0,0,0,0,0.389766186475754,0,0,196611,5.625244140625,7.374629020690921,0.0,0,0,0,0.189929902553558,0.471938014030457,0,0
413,0,0,0,0,0,0,0.446081519126892,0,0,197213,6.21470832824707,7.6078782081604,0.0,0,0,0,0.18602050840854606,0.39400601387023904,0,0
414,0,0,0,0,0,0,0.495029896497726,0,0,197711,6.032630443573001,7.72488832473755,0.0,0,0,0,0.18602050840854606,0.39400601387023904,0,0
415,0,0,0,0,0,0,0.450687259435654,0,0,198012,6.43033218383789,7.78280735015869,0.0,0,0,0,0.18602050840854606,0.39400601387023904,0,0
416,0,1,0,0,0,0,0.664520442485809,0,0,199612,6.73116111755371,8.234034538269041,0.0,0,0,1,0.18229272961616505,0.298514008522034,1,0
417,0,1,0,0,0,0,0.7985076904296879,0,0,200211,6.83091735839844,8.42551612854004,0.0,0,0,0,0.181996002793312,0.289109498262405,1,0
418,0,0,1,0,0,0,-0.735064446926117,0,0,197341,7.36822605133057,6.88857269287109,0.0,0,1,0,0.351772427558899,0.293364524841309,0,1
419,0,0,1,0,0,0,-0.76916491985321,0,0,197842,8.292660713195799,6.9304947853088406,0.0,0,1,0,0.351772427558899,0.293364524841309,0,1
420,0,0,1,0,0,0,-0.759616851806641,0,0,198441,9.012288093566893,7.02286815643311,0.0,0,1,0,0.3739916384220121,0.29054781794548,0,1
421,0,0,0,0,1,0,-0.17334342002868694,0,0,199941,9.01334095001221,7.14991664886475,0.0,0,1,0,0.38734960556030296,0.28733187913894703,0,1
422,0,0,0,0,0,0,0.353768676519394,0,0,197552,7.05182075500488,8.59951019287109,1.3350011110305802,0,0,0,0.960650026798248,0.9607999920845028,0,0
423,0,0,0,0,0,0,0.12995822727680198,0,0,198052,7.60047721862793,8.72013378143311,1.3350011110305802,0,1,0,0.960650026798248,0.9607999920845028,0,0
424,0,0,0,0,0,0,-0.097585491836071,0,0,199251,8.3680944442749,9.01274299621582,1.3350011110305802,0,0,0,0.966509521007538,0.99005001783371,1,0
425,0,0,1,0,0,0,0.5474150776863099,0,1,195951,6.45159149169922,10.1669282913208,4.28082418441772,0,0,0,0.65338933467865,0.7375891208648678,1,0
426,1,0,0,1,0,0,0.245338320732117,0,1,197151,6.93732357025146,10.4720916748047,4.28082418441772,0,0,0,0.65338933467865,0.7375891208648678,0,1
427,1,0,0,1,0,0,0.31171014904975897,0,1,198052,7.70693206787109,10.6924905776978,4.28082418441772,0,0,0,0.653685986995697,0.7375891208648678,0,1
428,0,0,0,0,0,0,-0.525442183017731,0,0,197552,9.58713150024414,5.89164400100708,0.0,0,1,0,0.503738880157471,0.416431367397308,0,0
429,0,0,0,0,0,0,-0.641335189342499,0,0,198052,9.94860458374023,6.67959928512573,0.0,0,1,0,0.503738880157471,0.416431367397308,0,0
430,0,0,0,0,0,0,-0.6290442943573,0,0,198651,9.988701820373539,7.27793836593628,0.0,0,0,0,0.503738880157471,0.416431367397308,0,0
431,0,0,0,0,0,0,-0.6752718091011051,0,0,199151,9.55619716644287,7.56992769241333,0.0,0,0,0,0.503738880157471,0.416431367397308,0,0
432,0,0,0,0,0,0,-0.596520364284515,0,0,199451,9.47108840942383,7.70930814743042,0.0,0,0,0,0.5037749409675599,0.40430548787117,0,0
433,1,0,0,1,0,0,0.16899324953556102,1,1,196611,4.9444241523742685,8.95376968383789,2.34180569648743,0,0,0,0.17508462071418804,0.30872184038162204,0,1
434,1,0,0,0,1,0,-1.6889842748642,0,1,197131,8.12782955169678,10.908466339111301,0.587786674499512,1,0,0,0.695862174034119,0.612383604049683,0,1
435,0,0,0,0,1,0,-1.84755086898804,0,0,199831,9.90679454803467,10.9664039611816,0.587786674499512,1,0,0,0.64648175239563,0.5276813507080079,0,1
436,0,0,0,1,0,0,-0.51794308423996,0,0,199532,8.72785949707031,10.8566112518311,1.74419033527374,0,0,0,0.600305378437042,0.458246022462845,0,1
437,0,0,0,0,1,0,-0.8838014006614691,0,0,196341,7.23300743103027,7.852050304412839,0.0,0,0,0,0.904999971389771,0.493098706007004,0,1
438,1,0,0,0,1,0,-0.658980846405029,0,0,197141,7.442645072937009,7.9352297782897905,0.0,0,0,0,0.904999971389771,0.493098706007004,0,1
439,1,0,0,0,0,0,-0.123561218380928,1,0,199131,9.08023166656494,12.5680599212646,2.70805025100708,0,1,0,0.434796512126923,0.4447439908981321,1,0
440,0,0,0,1,0,0,-0.19785220921039606,0,1,196341,6.92529058456421,8.970940589904789,3.10458660125732,0,1,0,0.543653130531311,0.893779635429382,0,1
441,0,0,0,1,0,0,-0.214745178818703,0,1,196842,7.05267763137817,9.14889049530029,3.10458660125732,0,1,0,0.543653130531311,0.893779635429382,0,1
442,1,1,0,0,0,0,0.557242155075073,0,0,196251,5.42053508758545,8.437717437744139,3.33932209014893,0,0,0,0.977446258068085,0.4990015029907229,0,0
443,0,0,0,0,0,0,0.52916818857193,0,0,197851,6.5806393623352095,8.64488220214844,3.33932209014893,0,0,0,0.978214621543884,0.4990015029907229,1,0
444,0,0,0,0,0,0,0.7189439535140991,0,0,198651,7.22183561325073,9.10275554656982,3.33932209014893,0,0,0,0.978130519390106,0.5,0,0
445,1,0,0,0,0,1,0.706344723701477,0,0,199451,6.821532726287839,9.48463344573975,3.33932209014893,1,0,1,0.9394459724426272,0.492081999778748,0,0
446,1,0,0,0,0,0,-0.7114006280899051,0,1,199831,8.60648536682129,9.26662635803223,2.66722822189331,0,0,0,0.564400017261505,0.274109810590744,0,0
447,0,0,0,0,0,0,0.449267745018005,0,0,197751,5.1059455871582005,7.4324836730957,3.33932209014893,0,0,0,0.9065269827842708,0.4990015029907229,0,0
448,0,0,0,0,0,0,0.4596741795539861,0,0,198151,5.49306154251099,7.5548586845397905,3.33932209014893,0,0,0,0.9065269827842708,0.4990015029907229,0,0
449,1,0,0,0,0,0,0.616221010684967,0,0,198651,5.948034763336179,7.65869951248169,3.33932209014893,0,0,0,0.907661318778992,0.4990015029907229,0,0
450,1,0,0,0,0,0,0.624287545681,0,1,197711,5.9330139160156214,10.0798749923706,1.64865863323212,0,0,0,0.174007892608643,0.323328465223312,0,0
451,0,0,0,0,0,0,0.80814391374588,0,1,198511,6.1744108200073216,10.321769714355499,1.64865863323212,0,0,0,0.17664183676242806,0.342064023017883,0,0
452,1,0,0,0,0,0,0.9204144477844242,1,1,199212,6.27891540527344,10.5286235809326,1.64865863323212,0,0,0,0.176642879843712,0.349535524845123,0,0
453,1,0,1,0,0,0,0.9597497582435608,0,0,199612,6.72646141052246,9.120415687561039,0.182321563363075,0,0,0,0.223557993769646,0.20465967059135395,0,1
454,1,1,0,0,0,0,-0.272383451461792,0,1,197213,6.625060558319089,8.55062770843506,1.36097657680511,0,0,0,0.5158845782279969,0.314693808555603,1,0
455,0,0,0,0,0,0,0.0755826830863953,0,1,199212,7.83809471130371,9.25598239898682,1.36097657680511,0,0,0,0.574293315410614,0.25746524333953896,0,0
